curriculum_id,unit_id,lesson_id,label,url,resource_type,display_order
act1,unit-1,lesson-1,Lesson Plan,https://docs.google.com/document/d/1RnyQC-J8YrFHyflB3jKXdNqB6FFayD40f7NPPN0czYA/edit?usp=drivesdk,Lesson Resource,1
act1,unit-1,lesson-1,Slide Deck,https://docs.google.com/presentation/d/121JNdgppk-W_nwTt7kBnyptFYVJnB9UobW9c-EAqhUc/edit?usp=drivesdk,Lesson Resource,2
act1,unit-1,lesson-1,Student Workbook,https://docs.google.com/presentation/d/1nuQMatnW791NHQ3QzpAGxzcN5mU5yzyqfr5pbJHK-v4/edit?usp=drivesdk,Lesson Resource,3
act1,unit-1,lesson-1,Lesson Resources,https://docs.google.com/document/d/1X-LOvne2R4YWCDINwJdDnA9ZgCgw2OqSEOrY-URfafI/edit?usp=drivesdk,Lesson Resource,4
act1,unit-1,lesson-1,Presentación en Español,https://docs.google.com/presentation/d/1-oSEFEG7jjmTdh0iyoyLlzcKjHZm_q7Y/edit?usp=sharing&ouid=104000786456689036858&rtpof=true&sd=true,Lesson Resource,5
act1,unit-2,__unit__,Unit 1 PD,https://www.proprofs.com/training/course/?title=copy-of-act-1-unit-pd_687174ccb0524,Unit Resource,1
act1,unit-2,__unit__,Unit Overview,https://docs.google.com/document/d/1Rw0QUHrfTudzKNfn4esN8XX7bEkrFkHP8c1iOR26m1E/edit?usp=sharing,Unit Resource,2
act1,unit-2,lesson-1,Lesson Plan,https://docs.google.com/document/d/1PcLo19tVwD_8vvhRNHXfUdLcmQulI2YKz_M-iNcfQPI/edit?usp=drivesdk,Lesson Resource,1
act1,unit-2,lesson-1,Slide Deck,https://docs.google.com/presentation/d/1w6wG7VB1v6kHx3UU45WKUl9Bked_dHUZZOzwbUjxTHs/edit?usp=drivesdk,Lesson Resource,2
act1,unit-2,lesson-1,Student Workbook,https://docs.google.com/presentation/d/18A1Q9huNc5CRJnp7QQ992fioudznfHMqQ--PaB-PkII/edit?usp=drivesdk,Lesson Resource,3
act1,unit-2,lesson-1,Lesson Resources,https://docs.google.com/document/d/1Ett7ZcDSX54sykrKo8uT3zxfRCzGN3Vf_a5Y8hfmP5Y/edit?usp=drivesdk,Lesson Resource,4
act1,unit-2,lesson-1,Presentación en Español,https://docs.google.com/presentation/d/1cPIYauUFWXDDMbssyEdUXfZE9mwMg6cN/edit?usp=sharing&ouid=104000786456689036858&rtpof=true&sd=true,Lesson Resource,5
act1,unit-2,lesson-2,Lesson Plan,https://docs.google.com/document/d/1TZH-tQFFiGeYaqUu12KiQGFFpZobKovtQ3PYz02uj8A/edit?usp=drivesdk,Lesson Resource,1
act1,unit-2,lesson-2,Slide Deck,https://docs.google.com/presentation/d/18gYx08KTHm0fTFWnx0_JO5olOIsbYJ5i3UeR5b4HhfQ/edit?usp=drivesdk,Lesson Resource,2
act1,unit-2,lesson-2,Student Workbook,https://docs.google.com/presentation/d/1yIURa3dKkcTjGGEd1-2LqVx8cIDl6XZYwYNpYOOyB80/edit?usp=drivesdk,Lesson Resource,3
act1,unit-2,lesson-2,Lesson Resources,https://docs.google.com/document/d/126Gi8nfYLpnb_f_T3VXCaVgeof9ErZV-FqR-m7OD5fA/edit?usp=drivesdk,Lesson Resource,4
act1,unit-2,lesson-2,Presentación en Español,https://docs.google.com/presentation/d/1SNcW49jwaTz4cEwrHV441ZUeq5oVNn8K/edit?usp=sharing&ouid=104000786456689036858&rtpof=true&sd=true,Lesson Resource,5
act1,unit-2,lesson-2,Materiales para Charadas de Scratch,https://drive.google.com/drive/folders/1-0H5awOVGoWS5CxcGgz8-wSg3y_d2ob8?usp=sharing,Lesson Resource,6
act1,unit-2,lesson-3,Lesson Plan,https://docs.google.com/document/d/1q-vyTY2pdLsdf_oKvqF9o2AeQZDmkhxlxeCEgycrGxM/edit?usp=drivesdk,Lesson Resource,1
act1,unit-2,lesson-3,Slide Deck,https://docs.google.com/presentation/d/1XQnhLA2tZUIitfBc7jRU9kLpT6b-9wHlvE7YrZ1ktvM/edit?usp=drivesdk,Lesson Resource,2
act1,unit-2,lesson-3,Student Workbook,https://docs.google.com/presentation/d/1cTiqypR5BwC4uZsJAlkGDOTUNpt0un_IpSjP9C-7nPc/edit?usp=drivesdk,Lesson Resource,3
act1,unit-2,lesson-3,Lesson Resources,https://docs.google.com/document/d/1iED98SkIaa0UTjy5hGityZjtnS9wgrShqb9Y4y8M6uI/edit?usp=drivesdk,Lesson Resource,4
act1,unit-2,lesson-3,Presentación en Español,https://docs.google.com/presentation/d/1AZm3UA5If33sUtY5LsTkWCZAWQ3gJk8K/edit?usp=sharing&ouid=104000786456689036858&rtpof=true&sd=true,Lesson Resource,5
act1,unit-2,lesson-4,Lesson Plan,https://docs.google.com/document/d/1qcnGLpBy6qMtIs1ZiWquAPQfKoNjaAQAEEvTjPYT5uI/edit?usp=drivesdk,Lesson Resource,1
act1,unit-2,lesson-4,Slide Deck,https://docs.google.com/presentation/d/1uWqW5HJL84ogyUgJR0ece7j9OZz67fJZiNVVh4SzdfE/edit?usp=drivesdk,Lesson Resource,2
act1,unit-2,lesson-4,Student Workbook,https://docs.google.com/presentation/d/1hiKiZsQ6aoJhbMcLxZYcVSE6xdIIEgKPWjMLrS7zG9U/edit?usp=drivesdk,Lesson Resource,3
act1,unit-2,lesson-4,Lesson Resources,https://docs.google.com/document/d/1Iky_iAGGfs7d1TEhJh_VluQr0g9F1E2duNkE_QtS7Ww/edit?usp=drivesdk,Lesson Resource,4
act1,unit-2,lesson-4,Presentación en Español,https://docs.google.com/presentation/d/1zNnfAJ5JY7hM4qGklfuYlb0P3SAF5Xx5/edit?usp=sharing&ouid=104000786456689036858&rtpof=true&sd=true,Lesson Resource,5
act1,unit-3,__unit__,Unit Overview,https://docs.google.com/document/d/1plwGD67AvAcpasB93fx5zoKJ6Km1TsGZAUbkquLgCbs/edit?usp=sharing,Unit Resource,1
act1,unit-3,lesson-1,Lesson Plan,https://docs.google.com/document/d/1bifIF-mAHt3Rz2r8d58lSIjF0BTrCIeAcErl0rPNsl0/edit?usp=drivesdk,Lesson Resource,1
act1,unit-3,lesson-1,Slide Deck,https://docs.google.com/presentation/d/1h6gnzBHIntvZKuj1f8H5h85BhmirSrjigeI1-nKO5XM/edit?usp=drivesdk,Lesson Resource,2
act1,unit-3,lesson-1,Student Workbook,https://docs.google.com/presentation/d/1vYafpmSe-bnD1PlxLbLPvAGKcQoeYgfpJZNILCJY4CY/edit?usp=drivesdk,Lesson Resource,3
act1,unit-3,lesson-1,Lesson Resources,https://docs.google.com/document/d/1Q4hOuVoAYpwqHnQZ7IGZ59wfKV0rqH0H1-VB4AX8z2E/edit?usp=drivesdk,Lesson Resource,4
act1,unit-3,lesson-1,Presentación en Español,https://docs.google.com/presentation/d/1voIuH0o0J7259f7yBhxfkNva_J_JMm2i/edit?usp=sharing&ouid=104000786456689036858&rtpof=true&sd=true,Lesson Resource,5
act1,unit-3,lesson-2,Lesson Plan,https://docs.google.com/document/d/171w5VyTKuN3aaEnWZzrS6GIy-L-yhTmJf_U_wWWDxT0/edit?usp=drivesdk,Lesson Resource,1
act1,unit-3,lesson-2,Slide Deck,https://docs.google.com/presentation/d/1t6P9V5k08_u3AeQgtPDsDz_uaKAHN1RpRzieOmZhnXc/edit?usp=drivesdk,Lesson Resource,2
act1,unit-3,lesson-2,Student Workbook,https://docs.google.com/presentation/d/1lrSoBoAjtJxELjIX18GjEnvTUgpNpUdpxCJ0_8E49vM/edit?usp=drivesdk,Lesson Resource,3
act1,unit-3,lesson-2,Lesson Resources,https://docs.google.com/document/d/1TcZCffzyRlYKhCdjEst_lPPO9RnPfQzaW_pPjku5giM/edit?usp=drivesdk,Lesson Resource,4
act1,unit-3,lesson-2,Presentación en Español,https://docs.google.com/presentation/d/18Kr1Uc7XI51_pxqfWQavQHawzLlPfvqc/edit?usp=sharing&ouid=104000786456689036858&rtpof=true&sd=true,Lesson Resource,5
act1,unit-3,lesson-3,Lesson Plan,https://docs.google.com/document/d/1C_06OA136wh3_I9YoKRXnTIzDVu0Otmp82oIwo9MqMo/edit?usp=drivesdk,Lesson Resource,1
act1,unit-3,lesson-3,Slide Deck,https://docs.google.com/presentation/d/1KmxnYVhvtB7MyO9bfyswnXcyD8T5hJavYOrZqzcXAUw/edit?usp=drivesdk,Lesson Resource,2
act1,unit-3,lesson-3,Student Workbook,https://docs.google.com/presentation/d/1HoiQ8EU1o3qwbafCwQokL9lUFH3mLluoiMAOTvHsgTk/edit?usp=drivesdk,Lesson Resource,3
act1,unit-3,lesson-3,Lesson Resources,https://docs.google.com/document/d/1RcuNunQD7uqCEN76BejNJQCQhF2nplGP-cT9PK30Tc4/edit?usp=drivesdk,Lesson Resource,4
act1,unit-3,lesson-3,Presentación en Español,https://docs.google.com/presentation/d/1yLU8AGMvMxgkXXW0-zN1fPH1V3v653yl/edit?usp=sharing&ouid=104000786456689036858&rtpof=true&sd=true,Lesson Resource,5
act1,unit-3,lesson-4,Lesson Plan,https://docs.google.com/document/d/1IcA5xFLLJ0IOKvwbGyKHHGsyrCbiNB2Fl5FiLV0QetI/edit?usp=drivesdk,Lesson Resource,1
act1,unit-3,lesson-4,Slide Deck,https://docs.google.com/presentation/d/1jmedvH_3wtQmuc86nUfXKnL-DdmDVitkBdP0B0JR-oA/edit?usp=drivesdk,Lesson Resource,2
act1,unit-3,lesson-4,Student Workbook,https://docs.google.com/presentation/d/1Xa08PkiiN1yEg0ovKYUFF6NxX1Sd9TqdRxy69i9_eng/edit?usp=drivesdk,Lesson Resource,3
act1,unit-3,lesson-4,Lesson Resources,https://docs.google.com/document/d/11JgpDwFTW2f2rFRKyB0AhS5oOMgPtvxmDiUF9qyrJZA/edit?usp=drivesdk,Lesson Resource,4
act1,unit-3,lesson-4,Presentación en Español,https://docs.google.com/presentation/d/1eFEx07d5ri_1njukksP8PyFfmFfPEJNj/edit?usp=sharing&ouid=104000786456689036858&rtpof=true&sd=true,Lesson Resource,5
act1,unit-3,lesson-5,Lesson Plan,https://docs.google.com/document/d/1w-VYLLKjwMVB8RxP0WGRtZf5P9UhD0QR88CJt0a0twM/edit?usp=drivesdk,Lesson Resource,1
act1,unit-3,lesson-5,Slide Deck,https://docs.google.com/presentation/d/16Lxm0H_O_-jlTdbNwlJnCuz4EwuSNMslcIaTSxhiC9c/edit?usp=drivesdk,Lesson Resource,2
act1,unit-3,lesson-5,Student Workbook,https://docs.google.com/presentation/d/1bVF34HEFXJSbBeSunvyUsNdzJjnClKmfC0ml_yC9v1Y/edit?usp=drivesdk,Lesson Resource,3
act1,unit-3,lesson-5,Lesson Resources,https://docs.google.com/document/d/1ZU3zTxbn2qz8MlO0wHh3nldxj8CH9OUkHlF9rrKYdSI/edit?usp=drivesdk,Lesson Resource,4
act1,unit-3,lesson-5,Presentación en Español,https://docs.google.com/presentation/d/11S7KWORoGcFIBoOupmwXrapfLY5jPBXH/edit?usp=sharing&ouid=104000786456689036858&rtpof=true&sd=true,Lesson Resource,5
act1,unit-4,__unit__,Unit Overview,https://docs.google.com/document/d/1ypCbBVYSSHFOiU4SzchqaGfDoIgewmy8hdwRFHLB9lg/edit?usp=sharing,Unit Resource,1
act1,unit-4,lesson-1,Lesson Plan,https://docs.google.com/document/d/182FpKGIxyTKaRrglaAQ4ZR0zZBOmOz1mntAjCVdXVYw/edit?usp=drivesdk,Lesson Resource,1
act1,unit-4,lesson-1,Slide Deck,https://docs.google.com/presentation/d/1L0qZ56t4AiDgmO22vIB9QMbBOPgOqHLi5QMu1LiE6T8/edit?usp=drivesdk,Lesson Resource,2
act1,unit-4,lesson-1,Student Workbook,https://docs.google.com/presentation/d/1nXgwwX4MA3t8rtRVIs1fQt7j4vcQmenUKXG5gHz7gpg/edit?usp=drivesdk,Lesson Resource,3
act1,unit-4,lesson-1,Lesson Resources,https://docs.google.com/document/d/12rIbWjt6oP3o_N6-D7nd0c0o-uoqtEgZ8drjen31X18/edit?usp=drivesdk,Lesson Resource,4
act1,unit-4,lesson-1,Presentación en Español,https://docs.google.com/presentation/d/1-c4uYMg-MqAc19WewRLD_loDGbS8_aX-/edit?usp=sharing&ouid=104000786456689036858&rtpof=true&sd=true,Lesson Resource,5
act1,unit-4,lesson-2,Lesson Plan,https://docs.google.com/document/d/1oJL_n5bP8sP0F8fJIw4HdOV-oYZD3mkJpjKqnT-4_m8/edit?usp=drivesdk,Lesson Resource,1
act1,unit-4,lesson-2,Slide Deck,https://docs.google.com/presentation/d/1d4RrYaAmi9T1zOtxvapMgF9TFKvIvGVcuj8-dHPM0sY/edit?usp=drivesdk,Lesson Resource,2
act1,unit-4,lesson-2,Student Workbook,https://docs.google.com/presentation/d/126mI7B-YjaWSBkyQcX7LZN0xdJmwoaEPIJCDHVOO3jc/edit?usp=drivesdk,Lesson Resource,3
act1,unit-4,lesson-2,Lesson Resources,https://docs.google.com/document/d/1w-WnOB59K0f6rEaSmEgmoMDfbyVYdx-jbl_lPvOTJrQ/edit?usp=drivesdk,Lesson Resource,4
act1,unit-4,lesson-2,Presentación en Español,https://docs.google.com/presentation/d/12ocpFvjDnwWpU7MB8gliLcRpc0FT78i4/edit?usp=sharing&ouid=104000786456689036858&rtpof=true&sd=true,Lesson Resource,5
act1,unit-4,lesson-3,Lesson Plan,https://docs.google.com/document/d/1hePFvnBYDfmwUb8gSOO5Kz-W4gjWkLmKCDOwdspPUWU/edit?usp=drivesdk,Lesson Resource,1
act1,unit-4,lesson-3,Slide Deck,https://docs.google.com/presentation/d/1IhGkyiO6PrMrs4zqg0BeH0SV_YEgtOW_IbjLk_Ugj2M/edit?usp=drivesdk,Lesson Resource,2
act1,unit-4,lesson-3,Student Workbook,https://docs.google.com/presentation/d/1-S1CVXQzCUlvownNzVTzxdgEESnTNAXc4Tx5WjCGBjQ/edit?usp=drivesdk,Lesson Resource,3
act1,unit-4,lesson-3,Lesson Resources,https://docs.google.com/document/d/1GbdH4tp5A__CODY0M_HiC1dxvsqbvub9YfbCusXiFgs/edit?usp=drivesdk,Lesson Resource,4
act1,unit-4,lesson-3,Presentación en Español,https://docs.google.com/presentation/d/129c2XFPvNmzIawyCKWBaU4cUtxo53VoH/edit?usp=sharing&ouid=104000786456689036858&rtpof=true&sd=true,Lesson Resource,5
act1,unit-4,lesson-4,Lesson Plan,https://docs.google.com/document/d/1UZMZ0Y11uv7Ll2VeKJ5FXHNMvHhWosmxhJQAjM3ElaQ/edit?usp=drivesdk,Lesson Resource,1
act1,unit-4,lesson-4,Slide Deck,https://docs.google.com/presentation/d/1mGtC1gP5DuGiMB21NfhffcGjvbEEC960qy_EJMG75LA/edit?usp=drivesdk,Lesson Resource,2
act1,unit-4,lesson-4,Student Workbook,https://docs.google.com/presentation/d/1VLb1qEvrFB1DT3QDkIIo0Ouwkwj93snI-a1zfot5eSw/edit?usp=drivesdk,Lesson Resource,3
act1,unit-4,lesson-4,Lesson Resources,https://docs.google.com/document/d/1rWhtwb3qUmD2ndzjTf1KaxlVRPljGnV4SpTVgMnsFcY/edit?usp=drivesdk,Lesson Resource,4
act1,unit-4,lesson-4,Presentación en Español,https://docs.google.com/presentation/d/1RsOka3bNb9FMIg3PT_tRr48_625tAS7O/edit?usp=sharing&ouid=104000786456689036858&rtpof=true&sd=true,Lesson Resource,5
act1,unit-4,lesson-5,Lesson Plan,https://docs.google.com/document/d/154CdHJrAvanpmgNiTmvGOrEhoHCANvfFb-GOclxD8cU/edit?usp=drivesdk,Lesson Resource,1
act1,unit-4,lesson-5,Slide Deck,https://docs.google.com/presentation/d/1qJpU12BMPl1aydSUAA0WGw5_j-Gz7aODnLUAknss1Yo/edit?usp=drivesdk,Lesson Resource,2
act1,unit-4,lesson-5,Student Workbook,https://docs.google.com/presentation/d/17lYMT3SWyaKvve7q6IbNJ0cvDRdM1KZN82NM96FNo1Q/edit?usp=drivesdk,Lesson Resource,3
act1,unit-4,lesson-5,Lesson Resources,https://docs.google.com/document/d/1BIdRl8DEtWFhsyNTCS1ehKuWMCM-TDqIOUWojqBCOgM/edit?usp=drivesdk,Lesson Resource,4
act1,unit-4,lesson-5,Presentación en Español,https://docs.google.com/presentation/d/1pdhM_ASnvhfn1UygxoOTVdJZJasw1ey-/edit?usp=sharing&ouid=104000786456689036858&rtpof=true&sd=true,Lesson Resource,5
act1,unit-5,__unit__,Unit Overview,https://docs.google.com/document/d/1UOaCzRyvz4H4zr_gu831FfWIB4eysd1zTLAGFtAujDk/edit?usp=sharing,Unit Resource,1
act1,unit-5,lesson-1,Lesson Plan,https://docs.google.com/document/d/1zh7bkJmbKp-5htubU2lqBTwKowXj25fxlAyh8AE7h4g/edit?usp=drivesdk,Lesson Resource,1
act1,unit-5,lesson-1,Slide Deck,https://docs.google.com/presentation/d/1QaONyazX8zvHWKuou5t4TfiuFq9ucGd2VHJyt0SZlpc/edit?usp=drivesdk,Lesson Resource,2
act1,unit-5,lesson-1,Student Workbook,https://docs.google.com/presentation/d/1siIwTzmEs7QJwjdZU5ahaQ9y4lZ375clG9frsjdvflU/edit?usp=drivesdk,Lesson Resource,3
act1,unit-5,lesson-1,Lesson Resources,https://docs.google.com/document/d/1nqBQGq4t9U9_xaL89RKyNDy3Bj2CuarbYZS60Adzog4/edit?usp=drivesdk,Lesson Resource,4
act1,unit-5,lesson-1,Presentación en Español,https://docs.google.com/presentation/d/1u3muMQagB3XSCavRvZSvshD62RLlX3T2/edit?usp=sharing&ouid=104000786456689036858&rtpof=true&sd=true,Lesson Resource,5
act1,unit-5,lesson-2,Lesson Plan,https://docs.google.com/document/d/1Jc7Ru0hm3pFfPuvrUG4Yz33F6tVud-PD2pGzK9AhwIY/edit?usp=drivesdk,Lesson Resource,1
act1,unit-5,lesson-2,Slide Deck,https://docs.google.com/presentation/d/16z7ht9vNcBhYQMFex1QPbubWi8s9Xyami15c3ebKkSg/edit?usp=drivesdk,Lesson Resource,2
act1,unit-5,lesson-2,Presentación en Español,https://docs.google.com/presentation/d/1_BcOequ5nyq-v_Flu7fBSwIQ4b1eM1Re/edit?usp=sharing&ouid=104000786456689036858&rtpof=true&sd=true,Lesson Resource,3
act1,unit-5,lesson-2,Student Workbook,https://docs.google.com/presentation/d/1aeHcnNT_yTHXOs865L90KT5IZVDmLdnNT07N0MmGiYs/edit?usp=drivesdk,Lesson Resource,4
act1,unit-5,lesson-2,Lesson Resources,https://docs.google.com/document/d/1VMAdEBejimqwJ59tTUOj3Aqr6qKz9cBDqnslrO8-jn8/edit?usp=drivesdk,Lesson Resource,5
act1,unit-5,lesson-2,Materiales para Charadas de Scratch,https://drive.google.com/drive/folders/1dIkjQ0KCWRXTy-Zo4mYP1QhhVwNknHLw?usp=sharing,Lesson Resource,6
act1,unit-5,lesson-3,Lesson Plan,https://docs.google.com/document/d/1yxWKWsSjWmqU-pFAKjhM7C2q4TyFVQvcObln5-4RgRM/edit?usp=drivesdk,Lesson Resource,1
act1,unit-5,lesson-3,Slide Deck,https://docs.google.com/presentation/d/1MBoyO4R-qqva3P3Yiq6i-xjPpkPnyY-Wp3IAeBMGoA4/edit?usp=drivesdk,Lesson Resource,2
act1,unit-5,lesson-3,Student Workbook,https://docs.google.com/presentation/d/1jyU_0A9raYOIh3_rhsnWWrNMAKe5nM34PPUko9wllCc/edit?usp=drivesdk,Lesson Resource,3
act1,unit-5,lesson-3,Lesson Resources,https://docs.google.com/document/d/1JXVvVtttjSqehdbQYlyMP8VlVKRfViD_mhjxBh6gwck/edit?usp=drivesdk,Lesson Resource,4
act1,unit-5,lesson-3,Presentación en Español,https://docs.google.com/presentation/d/1uA5nI6UhBhqZIhQu8_JwABBnAcePqkEk/edit?usp=sharing&ouid=104000786456689036858&rtpof=true&sd=true,Lesson Resource,5
act1,unit-5,lesson-4,Lesson Plan,https://docs.google.com/document/d/16OvFRTJ3MpyruVDCE1JTWxhVrbm4zi8EGyHY-eHbf3E/edit?usp=drivesdk,Lesson Resource,1
act1,unit-5,lesson-4,Slide Deck,https://docs.google.com/presentation/d/1Wz8fjfv2elMg8HHiCuUO5rRWgnQHKDO3A3Uixtj4dis/edit?usp=drivesdk,Lesson Resource,2
act1,unit-5,lesson-4,Student Workbook,https://docs.google.com/presentation/d/14hcosklfSQcPqi1RFtT7enhSMnqtTy4bGK5qFpDcs2E/edit?usp=drivesdk,Lesson Resource,3
act1,unit-5,lesson-4,Lesson Resources,https://docs.google.com/document/d/1WjbJQLxXvTHkETnwcuXaRWa8_4Xczqq9h8uaQaL2FrU/edit?usp=drivesdk,Lesson Resource,4
act1,unit-5,lesson-4,Presentación en Español,https://docs.google.com/presentation/d/1WzP4ux5mcvn5W3TXe55Cha8o92a9hvQ8/edit?usp=sharing&ouid=104000786456689036858&rtpof=true&sd=true,Lesson Resource,5
act1,unit-5,lesson-5,Lesson Plan,https://docs.google.com/document/d/19Uts_PEWSzgDkBdLscIceFyyskpfLWTsRf2xo6GWtqk/edit?usp=drivesdk,Lesson Resource,1
act1,unit-5,lesson-5,Slide Deck,https://docs.google.com/presentation/d/141Vp9Hr3Vrtry-sXvtRsEzw2FM4ItmUjbj-ITbbzgXg/edit?usp=drivesdk,Lesson Resource,2
act1,unit-5,lesson-5,Student Workbook,https://docs.google.com/presentation/d/1Ec_4gVU1h72VoddMoaalg7pQhd_WlfB7OU2X_XuIcn0/edit?usp=drivesdk,Lesson Resource,3
act1,unit-5,lesson-5,Lesson Resources,https://docs.google.com/document/d/1YcPhLXrPa-md9ja5eS9rHvwgrDMymIthcOsxI2OoKBk/edit?usp=drivesdk,Lesson Resource,4
act1,unit-5,lesson-5,Presentación en Español,https://docs.google.com/presentation/d/1_4j73L1lwVgT1cwLqiDEpY6r5S7OLT4T/edit?usp=sharing&ouid=104000786456689036858&rtpof=true&sd=true,Lesson Resource,5
act1,unit-5,lesson-5,Feedback Form,https://bit.ly/ECforALLfeedback,Lesson Resource,6
act2,unit-1,__unit__,Unit Overview,https://docs.google.com/document/d/15cQ1I3cilStDw51A7EQIwKNl76YyeTzaXstCN_3PlR4/edit?usp=sharing,Unit Resource,1
act2,unit-1,lesson-1,Presentación en Español,https://docs.google.com/presentation/d/1NEFFHDN2osxs7PztX-ES24JdfrUDGPkCCUnSZ_CI-2I/edit?usp=sharing,Lesson Resource,1
act2,unit-1,lesson-1,Lesson Plan,https://docs.google.com/document/d/1Y8x3MCyEVGhQ0AK_stVftlCz1vbSt8JmPQDvu2IRCeE/edit?usp=sharing,Lesson Resource,2
act2,unit-1,lesson-1,Slide Deck,https://drive.google.com/file/d/1ZHRJ3tA138UZR8bPQsiVqyvdv4i8a3Ui/view?usp=sharing,Lesson Resource,3
act2,unit-1,lesson-1,Student Workbook,https://docs.google.com/presentation/d/1947FlvT-SwEb9e3Hd-JtiSQ-gL3DPuk6bNJ5AaE5bKg/edit?usp=sharing,Lesson Resource,4
act2,unit-1,lesson-1,Lesson Resources,https://docs.google.com/document/d/18piTo7r0YOFyvKq3IhMsHgufW9LUbAA5h8SHoxtEmac/edit?usp=sharing,Lesson Resource,5
act2,unit-1,lesson-1,Presentación en Español,https://docs.google.com/presentation/d/1KcZiIHCUsi1O0peWXIphks0P2aXoVWRDhttWiTHwz7k/edit?usp=sharing,Lesson Resource,6
act2,unit-1,lesson-3,Presentación en Español,https://docs.google.com/presentation/d/1qxfXUbcGQ8N2o7F83CUt3P3KBt7-BXAmUazHC4j5i-w/edit?usp=sharing,Lesson Resource,1
act2,unit-1,lesson-3,Lesson Plan,https://docs.google.com/document/d/1_1HEGz5FgC6AtyS7DjR0aGbB1qwdPqCdp7c_U6QSaJ4/edit?usp=sharing,Lesson Resource,2
act2,unit-1,lesson-3,Slide Deck,https://docs.google.com/presentation/d/1D1Ualbx39iWViCHrWTH_NoWHsb1MeJF4S_LWZtgFmVI/edit?usp=sharing,Lesson Resource,3
act2,unit-1,lesson-3,Student Workbook,https://docs.google.com/presentation/d/1s25xFYYiNA7dhzB6_pXz5eH2wSgyc9sr-WkHfhYci64/edit?usp=sharing,Lesson Resource,4
act2,unit-1,lesson-3,Lesson Resources,https://docs.google.com/document/d/1I5OVdvg1Z4_Fn40O5cyGZKX5sDQxcAP0cjB6UXCzvdo/edit?usp=sharing,Lesson Resource,5
act2,unit-1,lesson-4,Presentación en Español,https://docs.google.com/presentation/d/1xGs1snkednoKmXYJCPQuuglfzGrMnYhV9_gFXLsrmws/edit?usp=sharing,Lesson Resource,1
act2,unit-1,lesson-4,Lesson Plan,https://docs.google.com/document/d/1Zn21Tse6MLI0oUuvF_veHSqwYu_3lAmQLodxiKDSf_4/edit?usp=sharing,Lesson Resource,2
act2,unit-1,lesson-4,Slide Deck,https://drive.google.com/file/d/1Frx9eRR4HejehwW3BVMiEhYaJ0TobV59/view?usp=sharing,Lesson Resource,3
act2,unit-1,lesson-4,Student Workbook,https://docs.google.com/presentation/d/1tUqEQpGadSsln-AW--SEhZDbUXUUzjZ_lASHdfbOnwk/edit?usp=sharing,Lesson Resource,4
act2,unit-1,lesson-4,Lesson Resources,https://docs.google.com/document/d/1ciOdIeHYUGXEUb_YclbMFdWE4QE4C7kyS7BeP3YvSA8/edit?usp=sharing,Lesson Resource,5
act2,unit-1,lesson-5,Presentación en Español,https://docs.google.com/presentation/d/1ZBHZlyyJmCgGYWmB3wL4QdHFobsM28btRPPoRTPtSOk/edit?usp=sharing,Lesson Resource,1
act2,unit-1,lesson-5,Lesson Plan,https://docs.google.com/document/d/1ju23v2gPhaf209CaNg26gujm-a6MNEfo2xCXiStaSBI/edit?usp=sharing,Lesson Resource,2
act2,unit-1,lesson-5,Slide Deck,https://drive.google.com/file/d/1x8t9Z3YpG-S31NHdrAoCIZXG3grjPMvO/view?usp=sharing,Lesson Resource,3
act2,unit-1,lesson-5,Student Workbook,https://docs.google.com/presentation/d/12rp8IducBrj0KqR5l-ylWsm3WUEndzQ9ohO6OJlT264/edit?usp=sharing,Lesson Resource,4
act2,unit-1,lesson-5,Lesson Resources,https://docs.google.com/document/d/1LeJ7QazTz73DGwFEs_LkVUJcpcG1WwcxqRoP-RWsX2E/edit?usp=sharing,Lesson Resource,5
act2,unit-2,__unit__,Unit Overview,https://docs.google.com/document/d/1Bvc5E-xK8iz9dt6bQY1ebshLliSDIZz9MoJ_r0faVkI/edit?usp=sharing,Unit Resource,1
act2,unit-2,lesson-1,Presentación en Español,https://docs.google.com/presentation/d/1gEVLbi5izJI3dfGY240Wrr4HdScsrYOMIrI-fi9Ci9A/edit?usp=sharing,Lesson Resource,1
act2,unit-2,lesson-1,Lesson Plan,https://docs.google.com/document/d/1kY_s8odulLUKHkCD9R9_pFRpGjUqJbGF78dMes_BOLo/edit?usp=sharing,Lesson Resource,2
act2,unit-2,lesson-1,Slide Deck,https://drive.google.com/file/d/1CS8Zp1mUa0K_YQdp0n8E120asd7uLmWS/view?usp=sharing,Lesson Resource,3
act2,unit-2,lesson-1,Student Workbook,https://docs.google.com/presentation/d/1Q089qFKp_f6Qq1PyjOeetGUzYbBQGPSB2G6L-4dYfFY/edit?usp=sharing,Lesson Resource,4
act2,unit-2,lesson-1,Lesson Resources,https://docs.google.com/document/d/1kQ7upwkRVopZr6Y2tjI5ZVstACgl71936uOOVumAYQ4/edit?usp=sharing,Lesson Resource,5
act2,unit-2,lesson-2,Presentación en Español,https://docs.google.com/presentation/d/19Als9lHZpOYbeUKuCsFcrUAagbO7R6hsjKpjNb5mmIw/edit?usp=sharing,Lesson Resource,1
act2,unit-2,lesson-2,Lesson Plan,https://docs.google.com/document/d/1_fBF9vDs_kbWZvc7x5jLbZIJ3KBfTondgrIuDaZcMXU/edit?usp=sharing,Lesson Resource,2
act2,unit-2,lesson-2,Slide Deck,https://drive.google.com/file/d/1eE3Y3yCrrYxVcUgm8nxGDf8Q9_41Qadi/view?usp=sharing,Lesson Resource,3
act2,unit-2,lesson-2,Student Workbook,https://docs.google.com/presentation/d/1QavOPHf5FBuctimR9mUOwq7U2jT0ORDUP2FF8xbKCJc/edit?usp=sharing,Lesson Resource,4
act2,unit-2,lesson-2,Lesson Resources,https://docs.google.com/document/d/15Wckx6l0Zh4QskmQgGrOUlgVBIGQyE7oQHKjh1oB4iA/edit?usp=sharing,Lesson Resource,5
act2,unit-2,lesson-3,Presentación en Español,https://docs.google.com/presentation/d/1w6h_T7QOmYRtEWEUrccyT1OTkFh6sXWtirdiEhXHL84/edit?usp=sharing,Lesson Resource,1
act2,unit-2,lesson-3,Lesson Plan,https://docs.google.com/document/d/1ykHteKAISYYKH11vF3c0nFToSCYilytboft03TX5rVw/edit?usp=sharing,Lesson Resource,2
act2,unit-2,lesson-3,Slide Deck,https://drive.google.com/file/d/1HF3umAPriuPN96Xb0LcFJz3x261SBInG/view?usp=sharing,Lesson Resource,3
act2,unit-2,lesson-3,Student Workbook,https://docs.google.com/presentation/d/1Q4q725l1eMogDdxTT7IcFuPgbwX7DbCF2a14Unl2NfM/edit?usp=sharing,Lesson Resource,4
act2,unit-2,lesson-3,Lesson Resources,https://docs.google.com/document/d/1zUWcwUh49k21k5oAx07hTjiMA_zboJCVVcfoStRAvGY/edit?usp=sharing,Lesson Resource,5
act2,unit-2,lesson-4,Presentación en Español,https://docs.google.com/presentation/d/1V2Q9bTUCuhdusYUA6PrjsdMobEFjI9OtZ6HTeDu3wp8/edit?usp=sharing,Lesson Resource,1
act2,unit-2,lesson-4,Lesson Plan,https://docs.google.com/document/d/15sJ4t7vNEtWY65Vn9ZTHz1wN9p_DxUek2lKqMGvpDq8/edit?usp=sharing,Lesson Resource,2
act2,unit-2,lesson-4,Slide Deck,https://drive.google.com/file/d/1z-eSL0bONVYGHZXMNl6Tgp5XiZK_8cRL/view?usp=sharing,Lesson Resource,3
act2,unit-2,lesson-4,Student Workbook,https://docs.google.com/presentation/d/1kRAEl8cunwcUq5IeIKzpAl_m3-TRpUGNdUpRhFknFkg/edit?usp=sharing,Lesson Resource,4
act2,unit-2,lesson-4,Lesson Resources,https://docs.google.com/document/d/1nk3opu37oWwa8dCYcr_NW230OFupmNnaUnkyne_f2hQ/edit?usp=sharing,Lesson Resource,5
act2,unit-2,lesson-5,Presentación en Español,https://docs.google.com/presentation/d/1xKIqBGrCo4jmegOuNQNi4XCSyWP-aMspMAwlKaGtyz4/edit?usp=sharing,Lesson Resource,1
act2,unit-2,lesson-5,Lesson Plan,https://docs.google.com/document/d/1vwygb4u4kN1OfXcmqyEOH7og3QAeW7wD-6wcHMF-DcU/edit?usp=sharing,Lesson Resource,2
act2,unit-2,lesson-5,Slide Deck,https://drive.google.com/file/d/1FSBD-nLxIaO0b2_6QNVIJn2hTPsDz-jZ/view?usp=sharing,Lesson Resource,3
act2,unit-2,lesson-5,Student Workbook,https://docs.google.com/presentation/d/1n1r_6U2utgqVMz_hrN4Ib1KOxvxEBVixpnXsnlY_6hg/edit?usp=sharing,Lesson Resource,4
act2,unit-2,lesson-5,Lesson Resources,https://docs.google.com/document/d/1Wm6F3Vs37rKHQvbZNHYHglEv7QedVzo3zDFXQI8BUr4/edit?usp=sharing,Lesson Resource,5
act2,unit-3,__unit__,Unit Overview,https://docs.google.com/document/d/1iSOuHKQLRh-N8ZUmJ7oYEx5cshnmvwOrqeeNbCWpDVs/edit?usp=sharing,Unit Resource,1
act2,unit-3,lesson-1,Presentación en Español,https://docs.google.com/presentation/d/1euQx8NCjVy04JG5XFkv8a_5fXitXXtTBYnAh8ZPGZOY/edit?slide=id.g74591ea4aa_0_0#slide=id.g74591ea4aa_0_0,Lesson Resource,1
act2,unit-3,lesson-1,Lesson Plan,https://docs.google.com/document/d/1MC9j8gmZ-TJXg92O_AZQs5Fg9hXgbJZze3ow1OB4eBE/edit?usp=sharing,Lesson Resource,2
act2,unit-3,lesson-1,Slide Deck,https://drive.google.com/file/d/14WzN1vu0Fj0C_lRBdRjs0jDJpHv5jNb_/view?usp=sharing,Lesson Resource,3
act2,unit-3,lesson-1,Student Workbook,https://docs.google.com/presentation/d/1rkJheRuNeVdJZWGEJr372M3sYYWdP9f6k_zacvue2c8/edit?usp=sharing,Lesson Resource,4
act2,unit-3,lesson-1,Lesson Resources,https://docs.google.com/document/d/1K9qBNkEq93HmOuAceBm1DrwOUHXB0fh3OT1i5yMDFeI/edit?usp=sharing,Lesson Resource,5
act2,unit-3,lesson-2,Presentación en Español,https://docs.google.com/presentation/d/1Jez86_iy1FoRV-7xAZSOROF6poutsG6IS80STdR1rKk/edit?slide=id.g74591ea4aa_0_0#slide=id.g74591ea4aa_0_0,Lesson Resource,1
act2,unit-3,lesson-2,Lesson Plan,https://docs.google.com/document/d/1zdRwIio4qNW2XLor7YPlfQ1tdWAI440AduHMoU1q9Go/edit?usp=sharing,Lesson Resource,2
act2,unit-3,lesson-2,Slide Deck,https://drive.google.com/file/d/1edXTeJizrcQZ1pT6lnLdAgiKlFyug3-C/view?usp=sharing,Lesson Resource,3
act2,unit-3,lesson-2,Student Workbook,https://docs.google.com/presentation/d/13CGqxfc2mT2JweUtG0RD53ej9za5laDuGeQBBK0B6wo/edit?usp=sharing,Lesson Resource,4
act2,unit-3,lesson-2,Lesson Resources,https://docs.google.com/document/d/1qtFvFHWLg5a-iVDDIP3PcDrhYWkWYjPKMKQTm8GcgDg/edit?usp=sharing,Lesson Resource,5
act2,unit-3,lesson-3,Lesson Plan,https://docs.google.com/document/d/1FgXld5e3wITLW8WratR3U1bEAdlPSEeS8Ax29_PLVVc/edit?usp=sharing,Lesson Resource,1
act2,unit-3,lesson-3,Slide Deck,https://drive.google.com/file/d/192Xmzk1burzxwnAgPfEfBFs6CHRSQmrH/view?usp=sharing,Lesson Resource,2
act2,unit-3,lesson-3,Student Workbook,https://docs.google.com/presentation/d/1Ivj75bFZJQeJfxP7hUnK_guT6nlmrCUdHRCo8J_HMIU/edit?usp=sharing,Lesson Resource,3
act2,unit-3,lesson-3,Lesson Resources,https://docs.google.com/document/d/14M3GF4-nX_Ip3dpqRpUT-nJ3UF_5ATNsswF2ewZpybI/edit?usp=sharing,Lesson Resource,4
act2,unit-3,lesson-3,Presentación en Español,https://docs.google.com/presentation/d/17E6_hAHoD-9Ny76RvxTBqkABfuMT3YmqBEkGDfZ4y7c/edit?slide=id.g74591ea4aa_0_0#slide=id.g74591ea4aa_0_0,Lesson Resource,5
act2,unit-3,lesson-4,Presentación en Español,https://docs.google.com/presentation/d/1Rz9jR5wXwbghdZfJ2j3zx2MGKKABFn2BjForyIf6PBE/edit?slide=id.g74591ea4aa_0_0#slide=id.g74591ea4aa_0_0,Lesson Resource,1
act2,unit-3,lesson-4,Lesson Plan,https://docs.google.com/document/d/1nQWLc1B8RLsXiF_v7_WrsZSt-VWPFOhdcZ5hBFMZCiA/edit?usp=sharing,Lesson Resource,2
act2,unit-3,lesson-4,Slide Deck,https://drive.google.com/file/d/1TdsLYRxMnEF4NVH2uDHoga8CqxU0nFQO/view?usp=sharing,Lesson Resource,3
act2,unit-3,lesson-4,Student Workbook,https://docs.google.com/presentation/d/1Wg0_9G8uVqyfMQYNkv9RuzRzQtovf_PkAKzo0NN-2mA/edit?usp=sharing,Lesson Resource,4
act2,unit-3,lesson-4,Lesson Resources,https://docs.google.com/document/d/1lZy2XuDuWHAvs2W-v-4HhZxQgWkOQN0P7deF9rMFPwY/edit?usp=sharing,Lesson Resource,5
act2,unit-3,lesson-5,Presentación en Español,https://docs.google.com/presentation/d/1rBNR9vQ09XgUiq_G2_UIrwmi7hZiBm_iHz_5hdVJ2mI/edit?slide=id.g36931609232_3_45#slide=id.g36931609232_3_45,Lesson Resource,1
act2,unit-3,lesson-5,Lesson Plan,https://docs.google.com/document/d/1ZIGJSBKPWOlDw__TtVrhttqvDiy_7sq_Rkq3OpgmhtQ/edit?usp=sharing,Lesson Resource,2
act2,unit-3,lesson-5,Slide Deck,https://drive.google.com/file/d/1BsPkqudP0RH-VOaGhWkrbzEOnHhl2lHp/view?usp=sharing,Lesson Resource,3
act2,unit-3,lesson-5,Student Workbook,https://docs.google.com/presentation/d/1k8xoZMeVa27p5HmlIg-Y6RhRQpLFjOsmRk0tkdhubd4/edit?usp=sharing,Lesson Resource,4
act2,unit-3,lesson-5,Lesson Resources,https://docs.google.com/document/d/1tzgl5eWDBldFLa93BeIPZkkaTZQl17IXr-AzjnbEloo/edit?usp=sharing,Lesson Resource,5
act2,unit-4,__unit__,Unit Overview,https://docs.google.com/document/d/1S7HH7N6zdpDmG0sQof837Sun4Bs_0w2SXcYS2Ppmcbk/edit?usp=sharing,Unit Resource,1
act2,unit-4,lesson-1,Presentación en Español,https://docs.google.com/presentation/d/1iB8WEOTUtvPjkrwbmofc88cgrxBf5cgdTOz1mRIyq8M/edit?slide=id.g8d6df723ea_0_0#slide=id.g8d6df723ea_0_0,Lesson Resource,1
act2,unit-4,lesson-1,Lesson Plan,https://docs.google.com/document/d/1pQ9Ib4TKf6edrrjbH9pTuonZBJpPNxlknF8kb6HLmJ8/edit?usp=sharing,Lesson Resource,2
act2,unit-4,lesson-1,Slide Deck,https://drive.google.com/file/d/13nnJBO_WC0mWcod7LV4Lok9r6PyB-byF/view?usp=sharing,Lesson Resource,3
act2,unit-4,lesson-1,Student Workbook,https://docs.google.com/presentation/d/1e_88G7wFfliT4KCSFL_13ZOTDTQN0PxFOPvsVE11Fbw/edit?usp=sharing,Lesson Resource,4
act2,unit-4,lesson-1,Lesson Resources,https://docs.google.com/document/d/1kyb3fHcKkZwOx-fVMtmdbGCEZzPXeCBxbHbk_rcsdqY/edit?usp=sharing,Lesson Resource,5
act2,unit-4,lesson-2,Presentación en Español,https://docs.google.com/presentation/d/1ZC35AA9_hQgpbd2ZEGprRsvfWoHrpMI3zJUhqLZRSAY/edit?slide=id.g74591ea4aa_0_0#slide=id.g74591ea4aa_0_0,Lesson Resource,1
act2,unit-4,lesson-2,Lesson Plan,https://docs.google.com/document/d/1PCGnLvYqLcHljWgcn6c30C3LpRq2ZMC3zWV6homOdCU/edit?usp=sharing,Lesson Resource,2
act2,unit-4,lesson-2,Slide Deck,https://drive.google.com/file/d/1xjuonmDWjYgTV9DsPZniwOVhfcIzEHQx/view?usp=sharing,Lesson Resource,3
act2,unit-4,lesson-2,Student Workbook,https://docs.google.com/presentation/d/1insP7VMEHMu0mc57uUdaS-5HnXHhUrj58uI-OEe4Vfc/edit?usp=sharing,Lesson Resource,4
act2,unit-4,lesson-2,Lesson Resources,https://docs.google.com/document/d/1y4WI3KqhBmpGovAF3Ig6-mL3ZoLyxDAyUPDwesZZly4/edit?usp=sharing,Lesson Resource,5
act2,unit-4,lesson-3,Lesson Plan,https://docs.google.com/document/d/1UtHst0ThVseVyCauO-avXsPSoiKHVn8fNV6qnrMtQ8M/edit?usp=sharing,Lesson Resource,1
act2,unit-4,lesson-3,Slide Deck,https://drive.google.com/file/d/1A-nTYA2QzJEsQXh0kYwQlsg6ehskG7DL/view?usp=sharing,Lesson Resource,2
act2,unit-4,lesson-3,Student Workbook,https://docs.google.com/presentation/d/1060Q4kAJlg3c8IABqTBOc8hHmPitbODt6Eh1FyOR7KE/edit?usp=sharing,Lesson Resource,3
act2,unit-4,lesson-3,Lesson Resources,https://docs.google.com/document/d/1Mk8crX-OVMbwpp3RbDv76YoWhTQy95qMHtOvnEn8mFg/edit?usp=sharing,Lesson Resource,4
act2,unit-4,lesson-3,Presentación en Español,https://docs.google.com/presentation/d/1tQmaaujsxxyq-gH7Erk-tNqEcjY1vxb9GSaSzpO-3oI/edit?slide=id.g74591ea4aa_0_0#slide=id.g74591ea4aa_0_0,Lesson Resource,5
act2,unit-4,lesson-4,Presentación en Español,https://docs.google.com/presentation/d/15VizDlKVrWHGS2t2KZIRRRs8uBDwDO3o_9WcI8xsReI/edit?slide=id.g74591ea4aa_0_0#slide=id.g74591ea4aa_0_0,Lesson Resource,1
act2,unit-4,lesson-4,Lesson Plan,https://docs.google.com/document/d/1x-NAB5D3I5dUwp8fGbNQY-SBd3AXNMvLHKPsDD2vPyQ/edit?usp=sharing,Lesson Resource,2
act2,unit-4,lesson-4,Slide Deck,https://drive.google.com/file/d/1iOX_8z2KHWujYuWcRcbCC6sKyJn8vNaR/view?usp=sharing,Lesson Resource,3
act2,unit-4,lesson-4,Student Workbook,https://docs.google.com/presentation/d/1fB7qIo1I42iKAtk8DYMIdJNWt-FIyYQ9fsbRbKIlHBI/edit?usp=sharing,Lesson Resource,4
act2,unit-4,lesson-4,Lesson Resources,https://docs.google.com/document/d/191ER2QCALmxphC1UCBXnE6SEaAmaiI8IH5ZzsT3Dn8M/edit?usp=sharing,Lesson Resource,5
act2,unit-4,lesson-5,Presentación en Español,https://docs.google.com/presentation/d/1NEFFHDN2osxs7PztX-ES24JdfrUDGPkCCUnSZ_CI-2I/edit?usp=sharing,Lesson Resource,1
act2,unit-4,lesson-5,Lesson Plan,https://docs.google.com/document/d/1qozXlmX3G-CgFMdaXb8NDntXXkMVctsmJjWog_Dzmng/edit?usp=sharing,Lesson Resource,2
act2,unit-4,lesson-5,Slide Deck,https://drive.google.com/file/d/1XpeEyXLLXFlrO7hq-nhvJvzHcNtzKPYo/view?usp=sharing,Lesson Resource,3
act2,unit-4,lesson-5,Student Workbook,https://docs.google.com/presentation/d/1uD7Jy-3yPWBmi6BfcI29OdliUGjw7MXx_o_021Jc7qI/edit?usp=sharing,Lesson Resource,4
act2,unit-4,lesson-5,Lesson Resources,https://docs.google.com/document/d/1gniQkXW-W40XPF-eHSwwa_t0vtIvhHfoZytdFo2Aztk/edit?usp=sharing,Lesson Resource,5
act2,unit-4,lesson-5,Feedback Form,https://bit.ly/ECforALLfeedback,Lesson Resource,6
act3,unit-1,__unit__,Workbook U.1,https://docs.google.com/presentation/d/1Bt7dzJZ429GKemppkYLofj0nsUzZMptyX6bbef2mbio/edit?slide=id.g2086a71beda_0_456#slide=id.g2086a71beda_0_456,Unit Resource,1
act3,unit-1,__unit__,WB U.1 Spanish,https://docs.google.com/presentation/d/1Bq2wNGsHrZ4_rASpi-Lke_E35MLtasJDtx_yYX5g3t4/edit?usp=sharing,Unit Resource,2
act3,unit-1,__unit__,Unit Overview,https://docs.google.com/document/d/1Gsdo5y_ohmdidlQgxFTgJY7LQIU5xycH6FO9A-44U_A/edit?usp=sharing,Unit Resource,3
act3,unit-1,lesson-1,Lesson Plan,https://docs.google.com/document/d/15NSxM200vuhEgfgfDZcIbaSur6nOcmuAH3e6bIMUweo/edit,Lesson Resource,1
act3,unit-1,lesson-1,Slide Deck,https://docs.google.com/presentation/d/1md2EjvBV1oqJiCgLjrxfTTYQYSERYcGLddrYlTukKzM/edit?usp=sharing,Lesson Resource,2
act3,unit-1,lesson-1,Student Workbook,https://docs.google.com/presentation/d/178eFePXyo3cLylId63pOMiJqSgL48fxQISe7skKSxWE/edit?usp=drive_link,Lesson Resource,3
act3,unit-1,lesson-1,Presentación en Español,https://docs.google.com/presentation/d/1p6ffcj-bpkx4I0d3NvhnqJeIyILvsLFOSRD-F5-Sb38/edit?slide=id.g2fe5e41aa96_1_45#slide=id.g2fe5e41aa96_1_45,Lesson Resource,4
act3,unit-1,lesson-2,Lesson Plan,https://docs.google.com/document/d/1lLUj7qB1Swfki-_f-CZujq_gMCt_7FNuixFsM0bgbjU/edit,Lesson Resource,1
act3,unit-1,lesson-2,Slide Deck,https://docs.google.com/presentation/d/1HWkJYtY0p8Kzs83NSXp4SbJc4uBb8fMTfjmuGBtk13w/edit?usp=sharing,Lesson Resource,2
act3,unit-1,lesson-2,Student Workbook,https://docs.google.com/presentation/d/1VDPpC1-HUWI1CRdQUMI8dFOCNClV83wKAJmel95CcmA/edit#slide=id.g8a1dbcceab_0_66,Lesson Resource,3
act3,unit-1,lesson-2,Presentación en Español,https://docs.google.com/presentation/d/1BaO7ghXGqifiazIoZkPVvPK-aPqdgidlajk_OTJ0SvI/edit#slide=id.g2ffa0ad7a0a_2_0,Lesson Resource,4
act3,unit-1,lesson-3,Lesson Plan,https://docs.google.com/document/d/1x5GtOnJJjlv-DkTpCJuqJF-F4lJUrOW23tEWUA-ME1M/edit,Lesson Resource,1
act3,unit-1,lesson-3,Slide Deck,https://docs.google.com/presentation/d/1qF0no7ZadMj8FVGxn73kVlqrO5e98_NLCrNABgNp5RE/edit?usp=sharing,Lesson Resource,2
act3,unit-1,lesson-3,Student Workbook,https://docs.google.com/presentation/d/1qbAzU230pw6MCUBlSg1aYE88EH6Pfp0CeUlGzLpYi4o/edit?usp=sharing,Lesson Resource,3
act3,unit-1,lesson-3,Presentación en Español,https://docs.google.com/presentation/d/1fmmoCpLEnt1lByJ7YoNkSQG32drnuUzRmgmUXcTau-Y/edit#slide=id.g2ffa1dcc24a_1_0,Lesson Resource,4
act3,unit-1,lesson-4,Lesson Plan,https://docs.google.com/document/d/1Cl5co3-e3VW3FqUW1BFB5S3t1KDS_ay836bUrMCEl4k/edit,Lesson Resource,1
act3,unit-1,lesson-4,Slide Deck,https://docs.google.com/presentation/d/1GEpFP8Bv10cwtKvHy3ocnjO6oKsuGTPt-TPPECm-hsE/edit?usp=sharing,Lesson Resource,2
act3,unit-1,lesson-4,Student Workbook,https://docs.google.com/presentation/d/1t_2T2D-OGLWNH6Fv3kwULHffQDuZ-tysJbLgwvLtU-4/edit?usp=sharing,Lesson Resource,3
act3,unit-1,lesson-4,Presentación en Español,https://docs.google.com/presentation/d/1m9Y128nClJ8mV2BYTK5ysarYqqdK5ET6NBS1Aff3W90/edit#slide=id.g1d905dd9e55_0_1,Lesson Resource,4
act3,unit-1,lesson-5,Lesson Plan,https://docs.google.com/document/d/15xnDMg-S6-qs4iQsVaYgz-tKtuZ9FTv00aKdyBQGKk0/edit,Lesson Resource,1
act3,unit-1,lesson-5,Slide Deck,https://docs.google.com/presentation/d/1-yvISks9jplOvWfGcYSUbjA66w-0_z2Xmzu8nAINJc8/edit?usp=sharing,Lesson Resource,2
act3,unit-1,lesson-5,Student Workbook,https://docs.google.com/presentation/d/1Mltzv5xLom1dxWmFhFuLLfKte32jc0MtbmG1p2dqxcs/edit?usp=sharing,Lesson Resource,3
act3,unit-1,lesson-5,Presentación en Español,https://docs.google.com/presentation/d/1baC8UH-yHpW__wcubeRho6djHZdIWoWR8IC-0TEXkGo/edit#slide=id.g3025c5287b5_2_0,Lesson Resource,4
act3,unit-1,lesson-6,Lesson Plan,https://docs.google.com/document/d/1s_CAQmsbJHSLhMavB2EcZWhJc2A9tc7gNeXAn4oOo9s/edit,Lesson Resource,1
act3,unit-1,lesson-6,Slide Deck,https://docs.google.com/presentation/d/1NtVZmkTqhQLmmUrAhcNkR7m_WmADVo5Y051TEAqmSdI/edit?usp=sharing,Lesson Resource,2
act3,unit-1,lesson-6,Student Workbook,https://docs.google.com/presentation/d/1PYOYuWMtk__PfP_-2kQSPKHZF5D0i0j-wU9ejpUVFfs/edit?usp=sharing,Lesson Resource,3
act3,unit-1,lesson-6,Presentación en Español,https://docs.google.com/presentation/d/126RAIKvHBFne3gbKAE_1qppAzrS_LSn0vjPeQEdwxZA/edit#slide=id.g30263e52f37_1_45,Lesson Resource,4
act3,unit-2,__unit__,Workbook U.2,https://docs.google.com/presentation/d/1VOPiuahRVfsFN3IHcfNWCycteQs1QNjVQlnDLWbRpG8/edit?usp=drive_link,Unit Resource,1
act3,unit-2,__unit__,WB U.2 Spanish,https://docs.google.com/presentation/d/1GhWR24o5gbKs44JzEAN-eRgJQ1yBGg-y8oZvDmqCwgI/edit?usp=drive_link,Unit Resource,2
act3,unit-2,__unit__,Unit Overview,https://docs.google.com/document/d/1m6FKRAyHGf0wRD9e1ukPhvDf2vX9Z-2G9uBYq0LlvCA/edit?usp=sharing,Unit Resource,3
act3,unit-2,lesson-1,Lesson Plan,https://docs.google.com/document/d/1cqBCdE9iUJl0J2Fhj4bWg3p2TF50oQR3-abmW5lPOCM/edit,Lesson Resource,1
act3,unit-2,lesson-1,Slide Deck,https://docs.google.com/presentation/d/1GwHnrQ-lY25R8MKe7WCjSuM4lyMvtRFkiHMbIul6iVs/edit#slide=id.g276b54dd857_0_142,Lesson Resource,2
act3,unit-2,lesson-1,Student Workbook,https://docs.google.com/presentation/d/1tRcQOu2K4TsafcddS_WFXtUEFYVJJHX2-BHSbWdL1jc/edit?usp=sharing,Lesson Resource,3
act3,unit-2,lesson-1,Presentación en Español,https://docs.google.com/presentation/d/1EcPTbgKiW_ppy0akAw6TmTewE6FIv_AX_SBHu8XgmzI/edit#slide=id.g30263f83095_1_45,Lesson Resource,4
act3,unit-2,lesson-2,Lesson Plan,https://docs.google.com/document/d/1I4QKrZu2mGMp0qEtOcwQxxhq_eut2B-lA4rx3jhdN3A/edit,Lesson Resource,1
act3,unit-2,lesson-2,Slide Deck,https://docs.google.com/presentation/d/1ecHs_7N1lONz-aEimvrdUP5IUQ57UweFJvIrDEZRkNA/edit#slide=id.g1f631a9d336_0_0,Lesson Resource,2
act3,unit-2,lesson-2,Student Workbook,https://docs.google.com/presentation/d/1zpg1pz5fH1MXGjdZFGk96T2BlkA7XujlFne321Infks/edit?usp=sharing,Lesson Resource,3
act3,unit-2,lesson-2,Presentación en Español,https://docs.google.com/presentation/d/1zoSFRY-4xCn5NzzyFow5BDIH5IpWc8yyqUZs_jxYwIc/edit#slide=id.g3026449472b_1_45,Lesson Resource,4
act3,unit-2,lesson-3,Lesson Plan,https://docs.google.com/document/d/1z5aNCmmp4cLuGhUldrtrdCE8sJ9E2-gf8RrDn0XvnYQ/edit,Lesson Resource,1
act3,unit-2,lesson-3,Slide Deck,https://docs.google.com/presentation/d/15ygrgGyR78fPAK6VQh7R-m5hanecy-j0wGwyMz87WRY/edit#slide=id.g1f631a9d336_0_0,Lesson Resource,2
act3,unit-2,lesson-3,Student Workbook,https://docs.google.com/presentation/d/1SoHBmrL8fmlcyVSUWwumFfBVz0Ig5TP80EXURdWbMnc/edit?usp=sharing,Lesson Resource,3
act3,unit-2,lesson-3,Presentación en Español,https://docs.google.com/presentation/d/1QPzdm03sJH_DWmrwfvfb5vFLoAEMKCWJJPuCQHIOGr4/edit#slide=id.g303c0093350_1_45,Lesson Resource,4
act3,unit-2,lesson-4,Lesson Plan,https://docs.google.com/document/d/1-CYqwRMu5RcztRy2jLSDPBA3i0S2HoZkba-nv8osf_o/edit,Lesson Resource,1
act3,unit-2,lesson-4,Slide Deck,https://docs.google.com/presentation/d/18bBoVdHu7NpBly0PPfu3UHGoTxtrbRIEvP9htQBjZAM/edit#slide=id.g1f631a9d336_0_0,Lesson Resource,2
act3,unit-2,lesson-4,Student Workbook,https://docs.google.com/presentation/d/1823WXGJqqpUsdHrssLLzD-LeuBlRIN6MzzEUoG-iezA/edit?usp=sharing,Lesson Resource,3
act3,unit-2,lesson-4,Presentación en Español,https://docs.google.com/presentation/d/15O83VA_nELqDoGoJeFlHxY3Fgsepefs6wjxYzABbLAY/edit#slide=id.g309a55850a6_1_91,Lesson Resource,4
act3,unit-2,lesson-5,Lesson Plan,https://docs.google.com/document/d/13wO31jXYTwM8b49HtsY9j3t_gP8gZTT8kdtXqumuX6M/edit,Lesson Resource,1
act3,unit-2,lesson-5,Slide Deck,https://docs.google.com/presentation/d/1WXgzCvINXJOK_g4Ai6lsOsIagL3TmQHtgtl_ABLMCgg/edit#slide=id.g1f631a9d336_0_0,Lesson Resource,2
act3,unit-2,lesson-5,Student Workbook,https://docs.google.com/presentation/d/1S73HQ4a29tXntnKrYjUHKPUq5ufpZBMbN8_4kmQAFvU/edit?usp=sharing,Lesson Resource,3
act3,unit-2,lesson-5,Presentación en Español,https://docs.google.com/presentation/d/1nJucji9hn0BV04IfTOcKKauJabHyM-kDdWWPKfpKMOc/edit#slide=id.g1f631a9d336_0_0,Lesson Resource,4
act3,unit-3,__unit__,Lesson Plan,https://docs.google.com/document/d/1mXMDOa7yzjNWfQm0l5J15lzTJgKVMWzTOtUPQz7krtY/edit?tab=t.0,Unit Resource,1
act3,unit-3,__unit__,Workbook U.3,https://docs.google.com/presentation/d/1EZLQ02CThvFCVHYvyZLrCTUI_BSUsUEAiMNAm6htIbw/edit?usp=drive_link,Unit Resource,2
act3,unit-3,__unit__,WB U.3 Spanish,https://docs.google.com/presentation/d/1tmyxLokTPPHflrUsUKponk6jSflEhVUU0T3UdVCv-M4/edit?usp=drive_link,Unit Resource,3
act3,unit-3,__unit__,Unit Overview,https://docs.google.com/document/d/1cCdUd_lXT8wZWNJKpgO6oOcMxpmYfDPCBKRvPrd_Rys/edit?usp=sharing,Unit Resource,4
act3,unit-3,lesson-1,Lesson Plan,https://docs.google.com/document/d/1-l6QhPdocuRNnb-DQtmrANL31VipcLMou3WbMBF5YgE/edit?usp=drivesdk,Lesson Resource,1
act3,unit-3,lesson-1,Slide Deck,https://docs.google.com/presentation/d/17pvgdH3OjkOYS4oedaBW3WA3nQRWQIcmgTTXh2YdO_w/edit#slide=id.g8d6df723ea_0_0,Lesson Resource,2
act3,unit-3,lesson-1,Student Workbook,https://docs.google.com/presentation/d/1ug-uL_Je9wyFc-NFFPpBszWEFNA_dvT0rg3Mq-pplr0/edit?usp=sharing,Lesson Resource,3
act3,unit-3,lesson-1,Presentación en Español,https://docs.google.com/presentation/d/12Cqs51v00yaXdKW3SaY6OurPC_ZTyzlWG6Pc-3ESeUA/edit#slide=id.g8d6df723ea_0_0,Lesson Resource,4
act3,unit-3,lesson-2,Lesson Plan,https://docs.google.com/document/d/1IE6C1mDjH2Oov9xjGZsePXK1VVBW81ZiKVQtN01Hkmg/edit?usp=drivesdk,Lesson Resource,1
act3,unit-3,lesson-2,Slide Deck,https://docs.google.com/presentation/d/1xcrEGIPld94ZQZUl4yZjAmAQchcWBiXBdIvCIrxeRIQ/edit#slide=id.g8d6df723ea_0_0,Lesson Resource,2
act3,unit-3,lesson-2,Student Workbook,https://docs.google.com/presentation/d/1uSjDwpLlUFRLCS0Foxd8jdRH7pAMGQHzfm8GH7wgkac/edit?usp=sharing,Lesson Resource,3
act3,unit-3,lesson-2,Presentación en Español,https://docs.google.com/presentation/d/1fH1izH_Ephmo5RjqFGoQTANULCeOGXqUaoddEANu5UA/edit#slide=id.g30e61b421f0_2_45,Lesson Resource,4
act3,unit-3,lesson-3,Lesson Plan,https://docs.google.com/document/d/1-1Y-JMKMDgR_Bws3TMHbDqo8PazmL2jMawGxPux5Ocs/edit?usp=drivesdk,Lesson Resource,1
act3,unit-3,lesson-3,Slide Deck,https://docs.google.com/presentation/d/1ADIo6CDXyoIOle2ybrSykf_dfg36hhZKpfUZ8GblpyI/edit#slide=id.g8d6df723ea_0_0,Lesson Resource,2
act3,unit-3,lesson-3,Student Workbook,https://docs.google.com/presentation/d/11nBWGJYACK-eoDpM2ZAAAJEAUPtAGtyQh-hOHwtIm-o/edit?usp=sharing,Lesson Resource,3
act3,unit-3,lesson-3,Presentación en Español,https://docs.google.com/presentation/d/1PZTTo7BJ0g6sbbysoYtFy21s0XFvzsacUMUHdMVNDPY/edit#slide=id.g8d6df723ea_0_0,Lesson Resource,4
act3,unit-3,lesson-4,Lesson Plan,https://docs.google.com/document/d/1EifbNb1Mxp0Jya4M_onWZB9WcL6-PthG555wFCpiI04/edit?usp=drivesdk,Lesson Resource,1
act3,unit-3,lesson-4,Slide Deck,https://docs.google.com/presentation/d/1bBsN3qGuPRg9BaqmUdv1TsrYVvGvMnyT-9WUpEMbA6U/edit#slide=id.g8d6df723ea_0_0,Lesson Resource,2
act3,unit-3,lesson-4,Student Workbook,https://docs.google.com/presentation/d/1kJTC_usdJ4-NhUc__4WDm_OV6YmgCc_GnSiCDSMpBxY/edit?usp=sharing,Lesson Resource,3
act3,unit-3,lesson-4,Presentación en Español,https://docs.google.com/presentation/d/1rB8e7v99o9ajFFlYdk2lOyfoQFIYarxDUuSnPhCYvgU/edit#slide=id.g8d6df723ea_0_0,Lesson Resource,4
act3,unit-3,lesson-5,Lesson Plan,https://docs.google.com/document/d/1-stkNZ9T7UtcWXFmKihHwyW_2PdxR6SKxKlrivnQTP4/edit?usp=drivesdk,Lesson Resource,1
act3,unit-3,lesson-5,Slide Deck,https://docs.google.com/presentation/d/1uPEe-_ieASc7d7m9DzWaxIqA33kmDYO0B-DrY5FsYJI/edit#slide=id.g8d6df723ea_0_0,Lesson Resource,2
act3,unit-3,lesson-5,Student Workbook,https://docs.google.com/presentation/d/1F-uNpSmou83Z_Xz2YtMDR9ecSW6OidPS7A7CqRaK_s0/edit?usp=sharing,Lesson Resource,3
act3,unit-3,lesson-5,Presentación en Español,https://docs.google.com/presentation/d/1IRmCjWt7tkSnwgFBPkLR07BbAGchA_AUdZV7RTTIxOQ/edit#slide=id.g8d6df723ea_0_0,Lesson Resource,4
act3,unit-3,lesson-6,Lesson Plan,https://docs.google.com/document/d/1S2ia3WGBs5XJxkui5NcYK_8ElrQwM-_kFGXkE6MkGSM/edit?usp=drivesdk,Lesson Resource,1
act3,unit-3,lesson-6,Slide Deck,https://docs.google.com/presentation/d/1SbXjXVkWRoNkrAAJZqodHhrrZ7cP7nCTka7YggrtFqc/edit#slide=id.g8d6df723ea_0_0,Lesson Resource,2
act3,unit-3,lesson-6,Student Workbook,https://docs.google.com/presentation/d/1wlOw00NCmNhaXQknW0M6ILWeVsDM275Tlnmm8Iff2AY/edit?usp=sharing,Lesson Resource,3
act3,unit-3,lesson-6,Presentación en Español,https://docs.google.com/presentation/d/1_m4Ko0YeVdw96umBepqJvBmEO6dYoMX16y5u3-l3QjY/edit#slide=id.g30e5f76364f_2_45,Lesson Resource,4
act3,unit-3,lesson-7,Lesson Plan,https://docs.google.com/document/d/1pAvddK89ZTwEjRFdf8_pt4k9hfzJsL-vVt1khOd5RKI/edit?usp=drivesdk,Lesson Resource,1
act3,unit-3,lesson-7,Slide Deck,https://docs.google.com/presentation/d/1YNMGcYYkNJ0qPzzuTsvAagaW8UvyUy2BfJ6DF8ytzng/edit#slide=id.g8d6df723ea_0_0,Lesson Resource,2
act3,unit-3,lesson-7,Student Workbook,https://docs.google.com/presentation/d/1-yehhMYSieT3vDBl_ZHxPpp4Gsv-Jj7MP17guaMyzPs/edit?usp=sharing,Lesson Resource,3
act3,unit-3,lesson-7,Presentación en Español,https://docs.google.com/presentation/d/13SyvZx8C3D_7Pod4Wi3zkTORpW8sXLaR-0nRgynCgPM/edit#slide=id.g8d6df723ea_0_0,Lesson Resource,4
act3,unit-3,lesson-8,Lesson Plan,https://docs.google.com/document/d/1PzzYwPN6Vkg9GSxMmvD5Y5aQoKDHHfZdW_qYOoLuHzY/edit?usp=drivesdk,Lesson Resource,1
act3,unit-3,lesson-8,Slide Deck,https://docs.google.com/presentation/d/1qLHHEIawlVtB30eMziw_WiQskcgpzcRTTgJ_uMkQXU4/edit#slide=id.g8d6df723ea_0_0,Lesson Resource,2
act3,unit-3,lesson-8,Student Workbook,https://docs.google.com/presentation/d/1cwPRSuz3asjpE0m17RjBX20442SSB9aamdWNmQ5M3VY/edit?usp=sharing,Lesson Resource,3
act3,unit-3,lesson-8,Presentación en Español,https://docs.google.com/presentation/d/14W0eEFP9EsPSFQTPVO9ez8ExupjSRzZ7jpsXEBEYjcQ/edit#slide=id.g30e679545c3_2_45,Lesson Resource,4
act3,unit-4,__unit__,Workbook U.4,https://docs.google.com/presentation/d/1ngjbxDEezvWKViEWw9Na3CAUVBjYQb9XDnwRhddKJPQ/edit?usp=drive_link,Unit Resource,1
act3,unit-4,__unit__,WB U.4 Spanish,https://docs.google.com/presentation/d/1QKMYOQa5iAcSx4lnFOBIVpohHnrKd-H31qGdPwZHSfM/edit?usp=drive_link,Unit Resource,2
act3,unit-4,__unit__,Unit Overview,https://docs.google.com/document/d/1thB8D0pVKbxhAoToR5mSK1_Ed8XVw3FOO6MLZeC5Jn8/edit?usp=sharing,Unit Resource,3
act3,unit-4,lesson-1,Lesson Plan,https://docs.google.com/document/d/15_oJWo92tVgYnzSKhok25m5ZskuXesiUJhDxlmgQ9bM/edit?usp=sharing,Lesson Resource,1
act3,unit-4,lesson-1,Slide Deck,https://docs.google.com/presentation/d/10IGHHMa-2-E5Ah3bq2T-yZrZKn6RmyDj_2kJLctMbMc/edit#slide=id.g1f631a9d336_0_0,Lesson Resource,2
act3,unit-4,lesson-1,Student Workbook,https://docs.google.com/presentation/d/1CvExXgDldimSJosRhOhiIz2sSaI-gp5HpL7_Z7AwJUQ/edit?usp=sharing,Lesson Resource,3
act3,unit-4,lesson-1,Presentación en Español,https://docs.google.com/presentation/d/1XencuSbot4yB3T62yuQljCMUsvpTlIZV0_84kyPz70I/edit?usp=sharing,Lesson Resource,4
act3,unit-4,lesson-2,Lesson Plan,https://docs.google.com/document/d/15w7xHFaP11lcYz3xdZG9Wf8SB0wZHyxrf6VlLHhKhq0/edit?usp=sharing,Lesson Resource,1
act3,unit-4,lesson-2,Slide Deck,https://docs.google.com/presentation/d/1YvNUqBOTZSKmlhikQAR0kcnvNQ0dcLrnxm4WqDLv3Go/edit#slide=id.g1f631a9d336_0_0,Lesson Resource,2
act3,unit-4,lesson-2,Student Workbook,https://docs.google.com/presentation/d/1nsm34Mi2aJkLYwUJC0D9MXl4-GhyM1nleYBxfqLZPYY/edit?usp=sharing,Lesson Resource,3
act3,unit-4,lesson-2,Presentación en Español,https://docs.google.com/presentation/d/16sjEyCUTyCcrgf4kiEPdc_0s87gOAKmhVddm_HxLnCw/edit?usp=sharing,Lesson Resource,4
act3,unit-4,lesson-3,Lesson Plan,https://docs.google.com/document/d/13KU-Z09M6RbdlMoe-oPfGepmZiNK6PU-vMTRS2K9MXw/edit?usp=sharing,Lesson Resource,1
act3,unit-4,lesson-3,Slide Deck,https://docs.google.com/presentation/d/1kAeh79RiIPAQlK2v_z2xZyku0dn71e4ZFa2UHzTUqe0/edit#slide=id.g1f631a9d336_0_0,Lesson Resource,2
act3,unit-4,lesson-3,Student Workbook,https://docs.google.com/presentation/d/1FKkAjWcCa1QWtHsA8CiJPN1GKYTeeB5B5WaiMguqzYw/edit?usp=sharing,Lesson Resource,3
act3,unit-4,lesson-3,Presentación en Español,https://docs.google.com/presentation/d/1bEWFKJXszeMtCw8sZyattHcT8nb0HapoU4SJqSe45ig/edit?usp=sharing,Lesson Resource,4
act3,unit-4,lesson-4,Lesson Plan,https://docs.google.com/document/d/1Fd8U9MiDSdJng2r-8S_UgRYskj9xCRkTsCGmP68Uvno/edit?usp=sharing,Lesson Resource,1
act3,unit-4,lesson-4,Slide Deck,https://docs.google.com/presentation/d/1tl-OuXUn1mZDKqft1Z5vccW8b-9rOS4-yFaHYMI1HL8/edit#slide=id.g1f631a9d336_0_0,Lesson Resource,2
act3,unit-4,lesson-4,Student Workbook,https://docs.google.com/presentation/d/1Skn89WN512hz5gt8an89BfGVgfcPHNgbMzkW12q3Eoc/edit?usp=sharing,Lesson Resource,3
act3,unit-4,lesson-4,Presentación en Español,https://docs.google.com/presentation/d/1DgA4TGTfl_0LXgLNTOgc326Xml0-VMHQHWOJDTptIHs/edit?usp=sharing,Lesson Resource,4
act3,unit-4,lesson-5,Lesson Plan,https://docs.google.com/document/d/1GbqWS7riI2Xf-IR47XoIpK6ULBagCiR00swo_KMka8c/edit?usp=sharing,Lesson Resource,1
act3,unit-4,lesson-5,Slide Deck,https://docs.google.com/presentation/d/1krtzvYXj53Ph7C2cgiyIrP-po54Dao0AefcmyffAIFU/edit#slide=id.g1f631a9d336_0_0,Lesson Resource,2
act3,unit-4,lesson-5,Student Workbook,https://docs.google.com/presentation/d/1VsK7dYmio7KuImwIzyZYEPbEiGpWP48jkUTGSBkz3F0/edit?usp=sharing,Lesson Resource,3
act3,unit-4,lesson-5,Presentación en Español,https://docs.google.com/presentation/d/1UoiF0iBPEar-VCoBsuNlLjtZ_RmD9oxNaD9LFhxktDs/edit?usp=sharing,Lesson Resource,4
act3,unit-4,lesson-6,Lesson Plan,https://docs.google.com/document/d/1f4HdiEr9nfkimULqGJDROqt7vwBSndF2Vnuul6SuUNQ/edit?usp=sharing,Lesson Resource,1
act3,unit-4,lesson-6,Slide Deck,https://docs.google.com/presentation/d/1qhWMjxjwSl8GdANt1jof_wtNUKrKxf6zTFIiohGvjTk/edit?usp=sharing,Lesson Resource,2
act3,unit-4,lesson-6,Student Workbook,https://docs.google.com/presentation/d/14PdnOzVKQpZt_QiJz0F_cN-Dlu3cP5CDEUkkdhiPmyk/edit?usp=sharing,Lesson Resource,3
act3,unit-4,lesson-6,Presentación en Español,https://docs.google.com/presentation/d/1xvw_HDnqIirY_jmdi4GaCDr7T4hUYm9fMewoltKlcVY/edit?usp=sharing,Lesson Resource,4
act3,unit-5,__unit__,Workbook U.5,https://docs.google.com/presentation/d/1rhRGV2_0Ckl8MYXiLWsMqDEgm3sRN-xNPuC3VU1dTqg/edit?usp=drive_link,Unit Resource,1
act3,unit-5,__unit__,WB U.5 Spanish,https://docs.google.com/presentation/d/19OCLnFEv14jdTzBGXjJr4t_arY5tLxlDv4SrCWirfxY/edit?usp=drive_link,Unit Resource,2
act3,unit-5,__unit__,Unit Overview,https://docs.google.com/document/d/1UeZiz57bDi9LE4mN9hR_YAvkMrW2cFMu8SQGMYimlg4/edit?usp=sharing,Unit Resource,3
act3,unit-5,lesson-1,Lesson Plan,https://docs.google.com/document/d/1XK4FVGZ6BQk1_gbkN5vOVc3Pssal6PEykMW1iVuerx8/edit,Lesson Resource,1
act3,unit-5,lesson-1,Slide Deck,https://docs.google.com/presentation/d/1cAoejWA9jXoijnpBx06JpVFgH0zccDZslio8HiyYOYI/edit?usp=sharing,Lesson Resource,2
act3,unit-5,lesson-1,Student Workbook,https://docs.google.com/presentation/d/1beDd6sSgB-rvp0fe_wtfAJ6g94rA6Rqx3-8qdfiwJfg/edit?usp=sharing,Lesson Resource,3
act3,unit-5,lesson-1,Presentación en Español,https://docs.google.com/presentation/d/1jSJKw4Tk8z-Jol4Oy17OUusaNVGc7BE7XVLMsH5_Ii0/edit?usp=sharing,Lesson Resource,4
act3,unit-5,lesson-2,Lesson Plan,https://docs.google.com/document/d/1UHfPne2BHG561RR1ktYonZ20-8NlauG0ACs8uOV1lck/edit?usp=sharing,Lesson Resource,1
act3,unit-5,lesson-2,Slide Deck,https://docs.google.com/presentation/d/1IxgWcVZdjArl62GBp7hc-PvDAaOzgseITcdVw034f8w/edit?usp=drive_link,Lesson Resource,2
act3,unit-5,lesson-2,Student Workbook,https://docs.google.com/presentation/d/14IjG7TAJL8cDz1qjIXP5VeDiO5tmHOkv8eguOJJYPYU/edit?usp=drive_link,Lesson Resource,3
act3,unit-5,lesson-2,Presentación en Español,https://docs.google.com/presentation/d/1DQFRM24MW8COeT2uc_vsf_nbd4L_cUVUUVb5OqZ2CbQ/edit?usp=sharing,Lesson Resource,4
act3,unit-5,lesson-3,Lesson Plan,https://docs.google.com/document/d/1hrhB3kEM_eKpxWsruif6e_hEf0rofs6W4HoGJEneiys/edit?usp=drive_link,Lesson Resource,1
act3,unit-5,lesson-3,Slide Deck,https://docs.google.com/presentation/d/1K-cZUocp9CoAuvtW8J_ch0o0aSJqjsc6JPpcLV3n6rI/edit?usp=drive_link,Lesson Resource,2
act3,unit-5,lesson-3,Student Workbook,https://docs.google.com/presentation/d/1cevtsyQnfiFciMsCXH6dS4xWABfyjN5JBXjVCUekiok/edit?usp=drive_link,Lesson Resource,3
act3,unit-5,lesson-3,Presentación en Español,https://docs.google.com/presentation/d/1vBGqvEZbX0VTUIKaJeADQru2N4sCfM6_op03YbiUsws/edit?usp=sharing,Lesson Resource,4
act3,unit-5,lesson-4,Lesson Plan,https://docs.google.com/document/d/1-XGpzhwxYVdexJpPqiX3rjoL0ISmT2xklJiuW9yp9lI/edit?usp=sharing,Lesson Resource,1
act3,unit-5,lesson-4,Slide Deck,https://docs.google.com/presentation/d/1meAsaMP38WkN_bymXPZYmPNdwD8HH_lDHmDMsx0gNPI/edit#slide=id.g1f631a9d336_0_0,Lesson Resource,2
act3,unit-5,lesson-4,Student Workbook,https://docs.google.com/presentation/d/1fUozzncHlFax5BFNDrvaKnSRHd9Cdh44mt09M9vvfAo/edit?usp=sharing,Lesson Resource,3
act3,unit-5,lesson-4,Presentación en Español,https://docs.google.com/presentation/d/1YbRTWiv_1DVrFrWHybhU1lBW0E8Uk3QNSmdTiMPauzw/edit?usp=sharing,Lesson Resource,4
act3,unit-5,lesson-4,Feedback Form,https://bit.ly/ECforALLfeedback,Lesson Resource,5
act4,unit-0,__unit__,ACT3 Scratch Basics Reference,https://docs.google.com/document/d/1Gsdo5y_ohmdidlQgxFTgJY7LQIU5xycH6FO9A-44U_A/edit?usp=sharing,Unit Resource,1
act4,unit-0,__unit__,ACT3 Variables and Functions Reference,https://docs.google.com/document/d/1mXMDOa7yzjNWfQm0l5J15lzTJgKVMWzTOtUPQz7krtY/edit?tab=t.0,Unit Resource,2
act4,unit-0,lesson-1,ACT3 Scratch Setup Reference,https://docs.google.com/document/d/15NSxM200vuhEgfgfDZcIbaSur6nOcmuAH3e6bIMUweo/edit,Lesson Resource,1
act4,unit-0,lesson-2,ACT3 Sequence and Events Reference,https://docs.google.com/document/d/1Cl5co3-e3VW3FqUW1BFB5S3t1KDS_ay836bUrMCEl4k/edit,Lesson Resource,1
act4,unit-0,lesson-3,ACT3 Loops and Animation Reference,https://docs.google.com/document/d/15xnDMg-S6-qs4iQsVaYgz-tKtuZ9FTv00aKdyBQGKk0/edit,Lesson Resource,1
act4,unit-0,lesson-4,ACT3 Variables Reference,https://docs.google.com/document/d/1kMdG429A2qyxZL-tjA-4kJbtToOMVtl8FQVStryu_AA/edit,Lesson Resource,1
act4,unit-0,lesson-5,ACT3 Conditionals Reference,https://docs.google.com/document/d/1YMfWyoldnb0cw07_72GNlW8y3ZcyCWXVTmhtKUvlzDU/edit,Lesson Resource,1
act4,unit-0,lesson-5,ACT3 Functions Reference,https://docs.google.com/document/d/1NxEwajhG6NjWiXIe2mxJHLav0z4asRunZtHZ_xUiKqo/edit,Lesson Resource,2
act4,unit-1,lesson-1,Lesson Plan,https://docs.google.com/document/d/1oxvVVBBs6sbqLCFD6X6xqK06K4T5DVsIs6hkAOj9Udw/edit?usp=sharing,Lesson Resource,1
act4,unit-1,lesson-1,Slide Deck,https://docs.google.com/presentation/d/1hIJgqTpSgS2ATccOIUOsPwbnhhko_83Er8XAYzgWTBk/edit?usp=sharing,Lesson Resource,2
act4,unit-1,lesson-1,Workbook,https://docs.google.com/presentation/d/19ylxfS3QdNfkRfyuNDTeHJOAOJJKqao7inyD1TZj-hM/edit?usp=sharing,Lesson Resource,3
act4,unit-1,lesson-2,Lesson Plan,https://docs.google.com/document/d/1gORaWs8Jays0y2oLleNHvQh7TZ9TI395J8wpEd51YnQ/edit?usp=sharing,Lesson Resource,1
act4,unit-1,lesson-2,Slide Deck,https://docs.google.com/presentation/d/1ieFWsfjUxFUX9DW5Z--uobfi5XDN__hy-rJc-x7mGy0/edit?usp=sharing,Lesson Resource,2
act4,unit-1,lesson-2,Workbook,https://docs.google.com/presentation/d/1ZREvjGqLKJpvnipaxXRzEKRri1BEStJm2dbnTG6b728/edit?usp=sharing,Lesson Resource,3
act4,unit-1,lesson-3,Lesson Plan,https://docs.google.com/document/d/1W29gotmh47fACXoGEwA1aF0493FIMz4-32eyLGNi-vM/edit?usp=sharing,Lesson Resource,1
act4,unit-1,lesson-3,Slide Deck,https://docs.google.com/presentation/d/1LQfeUdmlnNozFd4IYWQLvvE9oj1Zokvw44JGWxV6DWU/edit?usp=sharing,Lesson Resource,2
act4,unit-1,lesson-3,Workbook,https://docs.google.com/presentation/d/1sttkYF1ScMw6nVlHOy_kMojdyzPyQiZy2pCR8r1wF-Y/edit?usp=sharing,Lesson Resource,3
act4,unit-1,lesson-4,Lesson Plan,https://docs.google.com/document/d/101aG2UogOGc61CcCNQCgVerbJ5vKp6e-De8FgTBNeV4/edit?usp=drive_link,Lesson Resource,1
act4,unit-1,lesson-4,Slide Deck,https://docs.google.com/presentation/d/1f0Sm0ng3_pM_ABsjuk0-oOxq9_IG7XwQyAmCNYnxxSk/edit?usp=sharing,Lesson Resource,2
act4,unit-1,lesson-4,Workbook,https://docs.google.com/presentation/d/108lCJ4fnVisoY58wy8_yrIre3Mt68gGU8KGfz3dPv38/edit?usp=sharing,Lesson Resource,3
act4,unit-2,lesson-1,Lesson Plan,https://docs.google.com/document/d/1n7mc4yHH3g_VPtNsI1uIIaecrsBiwBSadwogBitiGq8/edit?tab=t.0,Lesson Resource,1
act4,unit-2,lesson-1,Slide Deck,https://docs.google.com/presentation/d/1o8nx-owH9UMspjl0kC3piMslhRuXg_NKJvBikh-Cbgg/edit?usp=drivesdk,Lesson Resource,2
act4,unit-2,lesson-1,Workbook,https://docs.google.com/presentation/d/1QdTU0NFTBxt2ijPFPe2lv1AYWbm6hPV1C4rzkFj8sr4/edit?slide=id.g39e6c292ef5_0_94#slide=id.g39e6c292ef5_0_94,Lesson Resource,3
act4,unit-2,lesson-2,Lesson Plan,https://docs.google.com/document/d/1wxNIdW7T28VvRWIVa_UOFAioUUVZlNSs7uvGrgCRlQI/edit?usp=sharing,Lesson Resource,1
act4,unit-2,lesson-2,Slide Deck,https://docs.google.com/presentation/d/1O5xfuyHy7GAgIyfORjbA3hizp5UBb7m-GJTJV1XR210/edit?usp=sharing,Lesson Resource,2
act4,unit-2,lesson-2,Workbook,https://docs.google.com/presentation/d/1p8Yk8kKmK-goE6Jgdl0DueVq52vSO_Owv52Vi7owvFY/edit?usp=sharing,Lesson Resource,3
act4,unit-2,lesson-3,Lesson Plan,https://docs.google.com/document/d/1jzHFxMM7vvytxPLNA7yoDt1w6pCx2u4D/edit?usp=sharing&ouid=109262387825299796179&rtpof=true&sd=true,Lesson Resource,1
act4,unit-2,lesson-3,Slide Deck,https://docs.google.com/presentation/d/16mUuG10MKUSO7mF291JwIXy4XEzhT30npzl6bbWFk2U/edit?usp=drivesdk,Lesson Resource,2
act4,unit-2,lesson-3,Solution Project,https://play.creaticode.com/projects/679bebc2e83001fc08db8aaa,Lesson Resource,3
act4,unit-2,lesson-4,Lesson Plan,https://docs.google.com/document/d/1_fjKaiuCvVRyjK-tATWTSDr5QJkKMqP38qL9QYMIY4o/edit?usp=sharing,Lesson Resource,1
act4,unit-2,lesson-4,Slide Deck,https://docs.google.com/presentation/d/1zc6M9xlCla3NfQY87dL2TQ8nofropHdtjuJ3f198khM/edit?usp=sharing,Lesson Resource,2
act4,unit-2,lesson-4,Workbook,https://docs.google.com/presentation/d/1lDEiXXSw0haianVjuzIRN6vPbsYuzSsgTHbQLEWYpLA/edit?usp=sharing,Lesson Resource,3
act4,unit-2,lesson-5,Lesson Plan,https://docs.google.com/document/d/1eGZTjC21gfEGIssp1bMSiQx4futK31nMNam3qgbyQx8/edit?tab=t.0,Lesson Resource,1
act4,unit-2,lesson-5,Slide Deck,https://docs.google.com/presentation/d/1wTilUnZYMYtl-kMTtBgM_GygmDOTKFXjTSO13w7qEWI/edit?usp=drivesdk,Lesson Resource,2
act4,unit-2,lesson-5,Workbook,https://docs.google.com/presentation/d/19hBR98mLh1q6w6wuvnCJh2WTfY5qrxJ_2c35tRQ3kCo/edit?slide=id.g3f04dd900b3_0_0#slide=id.g3f04dd900b3_0_0,Lesson Resource,3
act4,unit-2,lesson-6,Lesson Plan,https://docs.google.com/document/d/16K9XAP0LUClRiJHoEcYq02ie1JEIDTW2jiNEv1hYg7g/edit?usp=sharing,Lesson Resource,1
act4,unit-2,lesson-6,Slide Deck,https://docs.google.com/presentation/d/1A6uqiBFHCcwGWomtl7IIj5XdYQrKarXQJ7Q0JRG9bc0/edit?usp=sharing,Lesson Resource,2
act4,unit-2,lesson-6,Workbook,https://docs.google.com/presentation/d/1tFZuXQsbyZM8BQ_n2fnjfIGeXinDB4OidUMnTpLQV-w/edit?usp=sharing,Lesson Resource,3
act4,unit-2,lesson-7,Lesson Plan,https://docs.google.com/document/d/1P73hJgWCQcBe3rHJEKZfcr7AVBMZ9-CAOV37kmoGnMk/edit?usp=drive_link,Lesson Resource,1
act4,unit-2,lesson-7,Slide Deck,https://docs.google.com/presentation/d/1pZSjRJQnMCXKZlz0YmTJyMHexcG_eJK_6k5T0zhfukQ/edit?usp=drivesdk,Lesson Resource,2
act4,unit-2,lesson-7,Workbook,https://docs.google.com/presentation/d/1XfgxSFB7Xw0Fr-xzbCz6_waISpE9rVOBblS-YDbD3MQ/edit?slide=id.g3ef68761fb4_2_71#slide=id.g3ef68761fb4_2_71,Lesson Resource,3
act4,unit-2,optional-1,Lesson Plan,https://docs.google.com/document/d/1QraVVsdGcdtU7zpgq2OqfZpzcqGi51cAxne97M1R7Hw/edit?usp=drive_link,Lesson Resource,1
act4,unit-2,optional-1,Slide Deck,https://docs.google.com/presentation/d/1RmAG9TbqluJSI7vkoW74MC396mZB3f0etXnCYQYKeEU/edit?usp=drivesdk,Lesson Resource,2
act4,unit-2,optional-2,Lesson Plan,https://docs.google.com/document/d/1O0SzdhELKiAcsM8S_QTiMfMAd5xhgnitc51Pvc6HkRA/edit?usp=drive_link,Lesson Resource,1
act4,unit-2,optional-2,Slide Deck,https://docs.google.com/presentation/d/1u3mBuf1sduzoJMtMx5ORCpA19i54p5QICswJ4A7RBN8/edit?usp=drivesdk,Lesson Resource,2
act4,unit-2,lesson-8,Lesson Plan,https://docs.google.com/document/d/1TEvtYhSLT37RgVCCrNFwIJR4Br3oi-nv0Z716iFAiDI/edit?usp=drive_link,Lesson Resource,1
act4,unit-2,lesson-8,Slide Deck,https://docs.google.com/presentation/d/16hQXb3kEDpLS5XgFFP64mvHLH_AGDGaC_Rf3r_eTPY0/edit?usp=sharing,Lesson Resource,2
act4,unit-2,lesson-8,Workbook,https://docs.google.com/presentation/d/1VKsahH6aDGrcL0gkMZWLfCFQfx1l-fTPyzzX81TsPX0/edit?usp=sharing,Lesson Resource,3
act4,unit-3,lesson-1,Lesson Plan,https://docs.google.com/document/d/17AA115-k3a6jUtzAcGYk-RSf_TREtYk8NJE7l6uBnOA/edit?usp=drive_link,Lesson Resource,1
act4,unit-3,lesson-1,Slide Deck,https://docs.google.com/presentation/d/1bNccPEiNS-ZVsK6IydAbtAqEEgQD0fZIrYS0WTjmyI8/edit?usp=drive_link,Lesson Resource,2
act4,unit-3,lesson-2,Lesson Plan,https://docs.google.com/document/d/1JtGQgKnfSXYU7B3K9vONjLeLyawAFk4grwH094KkGaw/edit?usp=drive_link,Lesson Resource,1
act4,unit-3,lesson-2,Slide Deck,https://docs.google.com/presentation/d/1uXbUroE719WLKqcXlQUEB-GauXbMTdsW2zbqwyJViWU/edit?usp=drivesdk,Lesson Resource,2
act4,unit-3,lesson-2,Solution Project,https://play.creaticode.com/projects/679d1a356de32452ca3c0e9f,Lesson Resource,3
act4,unit-3,lesson-3,Lesson Plan,https://docs.google.com/document/d/1neWu4wlNFtg9ou7gA7K8-5FOGpXVzv_g/edit?usp=sharing&ouid=109262387825299796179&rtpof=true&sd=true,Lesson Resource,1
act4,unit-3,lesson-3,Slide Deck,https://docs.google.com/presentation/d/1t0Yt6pgGqhsUEBMyabh_5B_LRg078eE7hpQyLEvUf_E/edit?usp=sharing,Lesson Resource,2
act4,unit-3,lesson-3,Workbook,https://docs.google.com/presentation/d/1r29wCIR4wiO1LqGt4Otr2mF4yrYhMwcsZiVA1_eLlmQ/edit?usp=sharing,Lesson Resource,3
act4,unit-3,lesson-3,Solution Project,https://play.creaticode.com/projects/1ca634e4193e2b27500be13e,Lesson Resource,4
act4,unit-3,lesson-4,Lesson Plan,https://docs.google.com/document/d/1G2F2vUqYfZJwNZQR_HP8nL2VVk_kI0MdfOlKe3EV8B0/edit?usp=drive_link,Lesson Resource,1
act4,unit-3,lesson-4,Slide Deck,https://docs.google.com/presentation/d/19TvED05H_SI6jhXknqfaIiOsf23d1ZpJgRhbXt7ifs8/edit?usp=drivesdk,Lesson Resource,2
act4,unit-3,lesson-4,Reference Project,https://play.creaticode.com/projects/1ca634e4193e2b27500be13e,Lesson Resource,3
act4,unit-3,lesson-4,Solution Project,https://play.creaticode.com/projects/68c0a6878e6db3033c7b5fa5,Lesson Resource,4
act4,unit-3,lesson-5,Lesson Plan,https://docs.google.com/document/d/1ftm88o9SGrPrfatJEwnuP1XzYXTUjZaPkwkNGUvBE9k/edit?usp=drive_link,Lesson Resource,1
act4,unit-3,lesson-5,Slide Deck,https://docs.google.com/presentation/d/1ZgTv9JDnop8fAf93omqdlm5eQZoawyK6WoPZBETcfyA/edit?usp=drivesdk,Lesson Resource,2
act4,unit-3,lesson-5,Solution Project,https://play.creaticode.com/projects/68c17b677bff4359b886ee4d,Lesson Resource,3
act4,unit-3,lesson-6,Lesson Plan,https://docs.google.com/document/d/1UMOVq2VI046BQWwGoAUZd-PMAZ_c6RSFgpsVObNbi0g/edit?usp=drive_link,Lesson Resource,1
act4,unit-3,lesson-6,Slide Deck,https://docs.google.com/presentation/d/17hninrfDysQ6UJz59oY6jLDRpB3BxYwLyBgQBgT6QWY/edit?usp=drivesdk,Lesson Resource,2
act4,unit-3,optional-1,Lesson Plan,https://docs.google.com/document/d/1a1B9uyyKlmu_pIkoivtRHs98ndcH9vuDejPFvwSs0uA/edit?usp=drive_link,Lesson Resource,1
act4,unit-3,optional-1,Slide Deck,https://docs.google.com/presentation/d/1tJl2BrTZMn7Fepc9LsajxUquDvrNlKwGgrga0DSvZzs/edit?usp=drivesdk,Lesson Resource,2
act4,unit-3,optional-1,Solution Project,https://play.creaticode.com/projects/6806f295c5466923fb738059,Lesson Resource,3
act4,unit-3,lesson-7,Lesson Plan,https://docs.google.com/document/d/1jZeZm1gwMCL_tBy-nROXbaupAeC7WsW_/edit?usp=sharing&ouid=114084727263755081301&rtpof=true&sd=true,Lesson Resource,1
act4,unit-3,lesson-7,Slide Deck,https://docs.google.com/presentation/d/1Jz92I80D2_eACHDoLdCwan8jFwwECi7xj2WSnYggsx0/edit?usp=drivesdk,Lesson Resource,2
act4,unit-3,lesson-7,Solution Project,https://play.creaticode.com/projects/f186e0592541a61985cc7e28,Lesson Resource,3
act4,unit-3,lesson-8,Lesson Plan,https://docs.google.com/document/d/1qd6bVSFMsJ53CJ_VaNvR4ViPU5mHt6JHju35Qix70aQ/edit?usp=drive_link,Lesson Resource,1
act4,unit-3,lesson-8,Slide Deck,https://docs.google.com/presentation/d/1_PmznnhWlAAhiEJ7r4ooOdeVu-oj3NQs61CERwqds74/edit?usp=drivesdk,Lesson Resource,2
act4,unit-3,lesson-8,Solution Project,https://play.creaticode.com/projects/b5f3af143c883d7a670b2997,Lesson Resource,3
act4,unit-3,optional-2,Lesson Plan,https://docs.google.com/document/d/1XTe1Cd3dFvLOV9Zj_O-td9eoX7eAvb5fpWwtYsi9JZg/edit?usp=drive_link,Lesson Resource,1
act4,unit-3,optional-2,Slide Deck,https://docs.google.com/presentation/d/1D-WWR8VraW9qTPNRbC2jeJLdduPEiOvNkBjGIjwcrZI/edit?usp=drivesdk,Lesson Resource,2
act4,unit-3,optional-2,Solution Project,https://play.creaticode.com/projects/679ec98e69f04bc3c7cbc939,Lesson Resource,3
act4,unit-3,optional-3,Lesson Plan,https://docs.google.com/document/d/1HpZQsLFXPpeDuuMwDVqvR2FhQ6kVE34zSNYmxUcatGU/edit?usp=drive_link,Lesson Resource,1
act4,unit-3,optional-3,Slide Deck,https://docs.google.com/presentation/d/113Onn63Mg5QdEHnJaqYHggED_74kT4J61rT04_TPo4g/edit?usp=drivesdk,Lesson Resource,2
act4,unit-3,optional-3,Solution Project,https://play.creaticode.com/projects/143176091fb043456a4c7b4d,Lesson Resource,3
act4,unit-3,optional-4,Lesson Plan,https://docs.google.com/document/d/1L-ajXzKAU6ZP3UHAh8o-IaomxIt6nf_hyI-p-yItnlo/edit?usp=drive_link,Lesson Resource,1
act4,unit-3,optional-4,Slide Deck,https://docs.google.com/presentation/d/1x2lmdiICKWLd_rNAiFeQmIPpT6aGGwKUvpwPGqCRfyg/edit?usp=drivesdk,Lesson Resource,2
act4,unit-3,optional-4,Solution Project,https://play.creaticode.com/projects/678fcc819b520d9b57c8323a,Lesson Resource,3
act4,unit-3,optional-5,Lesson Plan,https://docs.google.com/document/d/13-eJPYRv5s4XV0zuzcE5A7LBH_zRiuhnKJuC5_3nV5s/edit?usp=drive_link,Lesson Resource,1
act4,unit-3,optional-5,Slide Deck,https://docs.google.com/presentation/d/1KAlZcfMf79bRXWcYxt0Jrf2YzEmtZccYi2AwxKqdFAo/edit?usp=drivesdk,Lesson Resource,2
act4,unit-3,optional-5,Reference Project,https://play.creaticode.com/projects/31abbb3f6b05f826173310d1,Lesson Resource,3
act4,unit-3,optional-5,Solution Project,https://play.creaticode.com/projects/5d9b7fbbcfecf4d537df8eb8,Lesson Resource,4
act4,unit-3,lesson-9,Lesson Plan,https://docs.google.com/document/d/1W0Qw6tjjivow_Yoq5ZqhhsLHhOdJlWNk5bLol0oj7U8/edit?usp=drive_link,Lesson Resource,1
act4,unit-3,lesson-9,Slide Deck,https://docs.google.com/presentation/d/1NOmpwWd2lqucwEk5Q9OTVHfyqFlVUBFgZCu56hLanfQ/edit?usp=drivesdk,Lesson Resource,2
act4,unit-4,lesson-1,Lesson Plan,https://docs.google.com/document/d/19cWMw_uFLjRTHNmUMy6CXmwvJqUGKKCRIwE5krWFlYg/edit?usp=drive_link,Lesson Resource,1
act4,unit-4,lesson-1,Slide Deck,https://docs.google.com/presentation/d/1DQpnmqKDS-LLcjQVAq6AyyTBEY6YiEM4qSkTLeOcIc0/edit?usp=drivesdk,Lesson Resource,2
act4,unit-4,lesson-1,Solution Project,https://play.creaticode.com/projects/680ed0f5955fd2f624f5ede7,Lesson Resource,3
act4,unit-4,lesson-2,Lesson Plan,https://docs.google.com/document/d/1EhjeutMMLXk31R6YbJwjwIphaL2NAf745icnDHuhlkU/edit?usp=drive_link,Lesson Resource,1
act4,unit-4,lesson-2,Slide Deck,https://docs.google.com/presentation/d/12kTmeZ6V6P7wbLoLmA6ur3gsnYMFV4_9eFBEeHVHeI4/edit?usp=drivesdk,Lesson Resource,2
act4,unit-4,lesson-2,Solution Project,https://play.creaticode.com/projects/67a265b67b46e6c9fc9e0415,Lesson Resource,3
act4,unit-4,lesson-3,Lesson Plan,https://docs.google.com/document/d/1s1SafkcofYt2aF4gOEI22AGoZ7B_xBg1njVZDcP9YQQ/edit?usp=drive_link,Lesson Resource,1
act4,unit-4,lesson-3,Slide Deck,https://docs.google.com/presentation/d/1682EkX02UfkyfSMCrQ0bXl43na3_qeDYHy5AtHh6TGM/edit?usp=drivesdk,Lesson Resource,2
act4,unit-4,lesson-3,Solution Project,https://play.creaticode.com/projects/662fd189af2b57d41a397bc1,Lesson Resource,3
act4,unit-4,lesson-4,Lesson Plan,https://docs.google.com/document/d/1MfHBdEv7eOpW1Scije27iLv9zXAs5h6MSd3jsAdLVgI/edit?usp=drive_link,Lesson Resource,1
act4,unit-4,lesson-4,Slide Deck,https://docs.google.com/presentation/d/1tseC4eDx3enHF1-dwDDsUkT9bp_cfTEGUqxV169PY24/edit?usp=drivesdk,Lesson Resource,2
act4,unit-4,lesson-4,Solution Project,https://play.creaticode.com/projects/80060e265ad55b85e4ba0247,Lesson Resource,3
act4,unit-4,lesson-5,Lesson Plan,https://docs.google.com/document/d/1qup9qkR3IHAvSdyxFR-pze3IuL6SrK_NeWsIoywzZ5o/edit?usp=drive_link,Lesson Resource,1
act4,unit-4,lesson-5,Slide Deck,https://docs.google.com/presentation/d/1apwooFCz6MCaIJ4h2HUjEAjn1eRDP85YKVEtZK4NNh4/edit?usp=drivesdk,Lesson Resource,2
act4,unit-4,lesson-5,Solution Project,https://play.creaticode.com/projects/672c42853af9a608b8a53f66,Lesson Resource,3
act4,unit-4,lesson-6,Lesson Plan,https://docs.google.com/document/d/1zZlvwzOPm07nCRJdCM_JuHjVGjB9kZcD0NmkD8RX6oc/edit?usp=drive_link,Lesson Resource,1
act4,unit-4,lesson-6,Slide Deck,https://docs.google.com/presentation/d/1MplLOCWYtRp8_fuPfYOUhC3o7IZEGCvsCsr-GQzlr9Y/edit?usp=drivesdk,Lesson Resource,2
act4,unit-4,lesson-7,Lesson Plan,https://docs.google.com/document/d/1d8lH-kRsvC3orvKcEifUWA9197wWLGFmu65--_nBp_w/edit?usp=drive_link,Lesson Resource,1
act4,unit-4,lesson-7,Slide Deck,https://docs.google.com/presentation/d/1GanjEJng5d7OjMp7-NzZIsO3u2cxor0z8wil9g0KvjI/edit?usp=drivesdk,Lesson Resource,2
act4,unit-4,lesson-7,Solution Project,https://play.creaticode.com/projects/65f82ab824cdb503aeb8b231,Lesson Resource,3
act4,unit-4,optional-1,Lesson Plan,https://docs.google.com/document/d/1EBaegekk5FzHLXpA7o-JPdbN5UjAKf1rszmsdIZmlPw/edit?usp=drive_link,Lesson Resource,1
act4,unit-4,optional-1,Slide Deck,https://docs.google.com/presentation/d/1kPU4D0P06C4XUeK5OXEcjeFyeUXVcb8ZlqxMXACoatM/edit?usp=drivesdk,Lesson Resource,2
act4,unit-4,optional-1,Solution Project,https://play.creaticode.com/projects/6b2f54fd77d213001f4df123,Lesson Resource,3
act4,unit-4,optional-2,Lesson Plan,https://docs.google.com/document/d/1oHx_QS09BLOC80xvXSuaYuTG2p3TIv2Mu1henxZcJLc/edit?usp=drive_link,Lesson Resource,1
act4,unit-4,optional-2,Slide Deck,https://docs.google.com/presentation/d/1UQVem3jXMTYZsGPGch3O-_WAzwROnifaPHoBMRiF6I0/edit?usp=drivesdk,Lesson Resource,2
act4,unit-4,optional-2,Solution Project,https://play.creaticode.com/projects/433d15c72a88f966c49a41b9,Lesson Resource,3
act4,unit-4,lesson-8,Lesson Plan,https://docs.google.com/document/d/1jist4Iy6Jn-Ff202QrvI9AlfJS6-WAvZhCy7GqZ3huY/edit?usp=drive_link,Lesson Resource,1
act4,unit-4,lesson-8,Slide Deck,https://docs.google.com/presentation/d/1NBPPXWqiEeYPywAHW9SufDNF2GLtsjSqMQf7TrZ1xYo/edit?usp=drivesdk,Lesson Resource,2
act4,unit-5a,lesson-1,Lesson Plan,https://docs.google.com/document/d/18HLDsr48cbS5xV_ZS14gnUVcQRZ5iSCgz0AHZi8L0uA/edit?usp=drive_link,Lesson Resource,1
act4,unit-5a,lesson-1,Slide Deck,https://docs.google.com/presentation/d/1wmJMJuKWguLFfqVHTE9E1s-uCcO3J_g0gCis70o1r2w/edit?usp=drivesdk,Lesson Resource,2
act4,unit-5a,lesson-1,Reference Project,https://play.creaticode.com/projects/ca4bbe666a1934bab795661b,Lesson Resource,3
act4,unit-5a,lesson-1,Solution Project,https://play.creaticode.com/projects/e0fe99bf427a68bdde27e253,Lesson Resource,4
act4,unit-5a,lesson-2,Lesson Plan,https://docs.google.com/document/d/1FKHXRiCLbWw6oMXif2nYU_qP6HsoY8QCxPVJVXBK8MY/edit?usp=drive_link,Lesson Resource,1
act4,unit-5a,lesson-2,Slide Deck,https://docs.google.com/presentation/d/1OinDLz2aECMRABjTdTPzRSPm8mUjlIe0so4LcH67llA/edit?usp=drivesdk,Lesson Resource,2
act4,unit-5a,lesson-2,Solution Project,https://play.creaticode.com/projects/67829ce44939b8230bdebb2d,Lesson Resource,3
act4,unit-5a,lesson-3,Lesson Plan,https://docs.google.com/document/d/1HK2rx6pzR45w2qVo8QhpEEUnPguQEtaVNoBM_YrHKsc/edit?usp=drive_link,Lesson Resource,1
act4,unit-5a,lesson-3,Slide Deck,https://docs.google.com/presentation/d/1SJJU8J8emWYC8dOqqIT-LNVccC764eGgXKjVIepYgKU/edit?usp=drivesdk,Lesson Resource,2
act4,unit-5a,lesson-3,Reference Project,https://play.creaticode.com/projects/6531b7e60fdce080a4481c1d,Lesson Resource,3
act4,unit-5a,lesson-3,Solution Project,https://play.creaticode.com/projects/68d4a958169662779dec8ba9,Lesson Resource,4
act4,unit-5a,lesson-4,Lesson Plan,https://docs.google.com/document/d/1jf90ivLrE2rkhk8PN8VGiC_4Az4fNNcvpi4skxYt5s0/edit?usp=drive_link,Lesson Resource,1
act4,unit-5a,lesson-4,Slide Deck,https://docs.google.com/presentation/d/14Bt-5gMYAn_K3AAz0_ClKH7uGY8k6humo6Dk26u-8Hs/edit?usp=drivesdk,Lesson Resource,2
act4,unit-5a,lesson-4,Solution Project,https://play.creaticode.com/projects/67204a1fb0ddead366817cf8,Lesson Resource,3
act4,unit-5a,optional-1,Lesson Plan,https://docs.google.com/document/d/1AqY6OQqOAVyp8zvq0V8sQ7aTimC40s-J88vnytNSYPU/edit?usp=drive_link,Lesson Resource,1
act4,unit-5a,optional-1,Slide Deck,https://docs.google.com/presentation/d/1A5KSvFS66BVvZxWTltrFTRL8XHsODzipNsKIDxePqw8/edit?usp=drivesdk,Lesson Resource,2
act4,unit-5a,optional-1,Reference Project,https://play.creaticode.com/projects/682dad154dba4796824af2a6,Lesson Resource,3
act4,unit-5a,optional-1,Solution Project,https://play.creaticode.com/projects/682d875f4dba4796824ae3bc,Lesson Resource,4
act4,unit-5a,optional-2,Lesson Plan,https://docs.google.com/document/d/1Ler-jojcmRxaumqEoraGh0CcofwUBsjoaH7cCi8fcnY/edit?usp=drive_link,Lesson Resource,1
act4,unit-5a,optional-2,Slide Deck,https://docs.google.com/presentation/d/17yH4fd0opwobx4Qp1KKVejRLz2wm1zxkqFJNrlR5jZA/edit?usp=drivesdk,Lesson Resource,2
act4,unit-5a,optional-2,Solution Project,https://play.creaticode.com/projects/67a5674f31e2c7ac54fd42ed,Lesson Resource,3
act4,unit-5a,optional-3,Lesson Plan,https://docs.google.com/document/d/1K8RWpNW6nkhw-P-KLKmAizZKXFDSx8jGK7mkG7pcTfk/edit?usp=drive_link,Lesson Resource,1
act4,unit-5a,optional-3,Slide Deck,https://docs.google.com/presentation/d/1tVNSHt_xkICwakkMmb-VnfD88xwAkVykoqDl7DNQA0U/edit?usp=drivesdk,Lesson Resource,2
act4,unit-5a,optional-3,Solution Project,https://play.creaticode.com/projects/681e6e24629707bf2266658d,Lesson Resource,3
act4,unit-5a,lesson-5,Lesson Plan,https://docs.google.com/document/d/1FlUXcDy3TtvOviM8mOFyps3MNqxdQw-vqpZV3MCgeAQ/edit?usp=drive_link,Lesson Resource,1
act4,unit-5a,lesson-5,Slide Deck,https://docs.google.com/presentation/d/1lOZRBxa58aPL2uriFD0_fSKpsaDVXZdQwa1iNyyH5N4/edit?usp=drivesdk,Lesson Resource,2
scratch,unit-1,lesson-1,Lesson Plan,https://docs.google.com/document/d/1b5x9s9kk8VF8AHHmHrKnFQZDYzZkJHhjnhBTPEbzx30/edit?usp=share_link,Lesson Resource,1
scratch,unit-1,lesson-1,Slide Deck,https://docs.google.com/presentation/d/12Vv5T2kjeDYDuNhXFN_pop1SjUrj1bgPSximAr3X7MQ/edit?usp=share_link,Lesson Resource,2
scratch,unit-1,lesson-1,Student Workbook,https://docs.google.com/presentation/d/1eeVX55XlKHOLvKCpvv_2SrZvLkGTpTcTCyNy8fBuXl0/edit?usp=share_link,Lesson Resource,3
scratch,unit-1,lesson-1,Lesson Resources,https://drive.google.com/file/d/1Zvrs02PlmdH5fAKiDRAonSV_bG3sydri/view?usp=share_link,Lesson Resource,4
scratch,unit-1,lesson-2,Lesson Plan,https://docs.google.com/document/d/1TDX2J0iyAE3prsIjaGufvAZTMHz5eNBNXzuFWDGSs9Q/edit?usp=share_link,Lesson Resource,1
scratch,unit-1,lesson-2,Slide Deck,https://docs.google.com/presentation/d/10tiC6ypyXK0YfJvClM97wJLcFt5tLYtg/edit?usp=share_link&ouid=108237580068016560674&rtpof=true&sd=true,Lesson Resource,2
scratch,unit-1,lesson-2,Student Workbook,https://docs.google.com/presentation/d/1VDPpC1-HUWI1CRdQUMI8dFOCNClV83wKAJmel95CcmA/edit?usp=share_link,Lesson Resource,3
scratch,unit-1,lesson-2,Lesson Resources,https://drive.google.com/file/d/1rFjaVay4OIkttNipnDVW2o5wUQf3iX5T/view?usp=share_link,Lesson Resource,4
scratch,unit-1,lesson-3,Lesson Plan,https://docs.google.com/document/d/16mC4RWyMTP01ACeKhCELyn-23qpKnH63SRYk7gKhJFw/edit?usp=share_link,Lesson Resource,1
scratch,unit-1,lesson-3,Slide Deck,https://docs.google.com/presentation/d/1QHebvLcPc-rHAEt7WGoGdmFFXPzPjzy1/edit?usp=share_link&ouid=108237580068016560674&rtpof=true&sd=true,Lesson Resource,2
scratch,unit-1,lesson-3,Student Workbook,https://docs.google.com/presentation/d/1qbAzU230pw6MCUBlSg1aYE88EH6Pfp0CeUlGzLpYi4o/edit?usp=share_link,Lesson Resource,3
scratch,unit-1,lesson-3,Lesson Resources,https://drive.google.com/file/d/1z53SpzqXbfdJQy3_Kvx9yeVwdYjKuJYv/view?usp=share_link,Lesson Resource,4
scratch,unit-1,lesson-4,Lesson Plan,https://docs.google.com/document/d/1_SkU2I0n5BcIXQ1XO-mibEqczdNQgUEtCxFOcgbOzko/edit?usp=share_link,Lesson Resource,1
scratch,unit-1,lesson-4,Slide Deck,https://docs.google.com/presentation/d/109ReuNNseObx9fPnlcQ5PG8qLOVJvINn/edit?usp=share_link&ouid=108237580068016560674&rtpof=true&sd=true,Lesson Resource,2
scratch,unit-1,lesson-4,Student Workbook,https://docs.google.com/presentation/d/1t_2T2D-OGLWNH6Fv3kwULHffQDuZ-tysJbLgwvLtU-4/edit?usp=share_link,Lesson Resource,3
scratch,unit-1,lesson-4,Lesson Resources,https://drive.google.com/file/d/1q3s1yqR8TUKXc5i0prhi2t6oaQfqYR_l/view?usp=share_link,Lesson Resource,4
scratch,unit-1,lesson-5,Lesson Plan,https://docs.google.com/document/d/13ko28jDZsraVhmTuLR6kJxuXLPOBp8lLUMfOEJ7GgRY/edit?usp=share_link,Lesson Resource,1
scratch,unit-1,lesson-5,Slide Deck,https://docs.google.com/presentation/d/1Vz5vpUJkYDoiaY16RlFZJ6uEWp5kj-4n/edit?usp=share_link&ouid=108237580068016560674&rtpof=true&sd=true,Lesson Resource,2
scratch,unit-1,lesson-5,Student Workbook,https://docs.google.com/presentation/d/1Mltzv5xLom1dxWmFhFuLLfKte32jc0MtbmG1p2dqxcs/edit?usp=share_link,Lesson Resource,3
scratch,unit-1,lesson-5,Lesson Resources,https://drive.google.com/file/d/1Ua89_hcYF7LEldfNzylPlJczwJddi0Bm/view?usp=share_link,Lesson Resource,4
scratch,unit-1,lesson-6,Lesson Plan,https://docs.google.com/document/d/1iiiqyGJGEgdOeONx2YSVmRgIJCgQEAJs2oH53FIKNMQ/edit?usp=share_link,Lesson Resource,1
scratch,unit-1,lesson-6,Slide Deck,https://docs.google.com/presentation/d/1vbmia_N8mP-AxpJj60CfyGWVr2DLWMhQ/edit?usp=share_link&ouid=108237580068016560674&rtpof=true&sd=true,Lesson Resource,2
scratch,unit-1,lesson-6,Student Workbook,https://docs.google.com/presentation/d/1PYOYuWMtk__PfP_-2kQSPKHZF5D0i0j-wU9ejpUVFfs/edit?usp=share_link,Lesson Resource,3
scratch,unit-1,lesson-6,Lesson Resources,https://drive.google.com/file/d/1NqQXsTIa8gQdz29bLP7-fcggT29jct4b/view?usp=share_link,Lesson Resource,4
scratch,unit-2,__unit__,Full Student Workbook,https://drive.google.com/file/d/147OwZnCR244wTIGSZ2V7hPSRNoyN_WfB/view?usp=share_link,Unit Resource,1
scratch,unit-2,__unit__,Lesson Plans,https://docs.google.com/document/d/1cqXWJ_lLkskzG4ZfplhVGeJFoA7e9s0jvBos_QNbzpY/edit?usp=sharing,Unit Resource,2
scratch,unit-2,lesson-1,Lesson Plan,https://docs.google.com/document/d/1418HiW27Okxl-yPow6qZsldwwK9orW7CYIX6ksZNQZI/edit?usp=share_link,Lesson Resource,1
scratch,unit-2,lesson-1,Slide Deck,https://docs.google.com/presentation/d/1bGkgjA5Ai3Q1l30SAcCipPYVA-qkS0LNZyhEys2L7a0/edit?usp=share_link,Lesson Resource,2
scratch,unit-2,lesson-1,Student Workbook,https://docs.google.com/presentation/d/1mmAZPd0PprWHmAcCwb5Zh8cLFglnCBtHjn-mBsXCqjY/edit?usp=share_link,Lesson Resource,3
scratch,unit-2,lesson-1,Lesson Resources,https://docs.google.com/document/d/12H4PqU0PaqVR9wGuSi3csGkNsafzAWwjyQdzP-LeOls/edit?usp=sharing,Lesson Resource,4
scratch,unit-2,lesson-2,Lesson Plan,https://docs.google.com/document/d/1rg7Txhj6D3DIV00LBIqsYFZHwlg35V9D8Lak1GXdlVs/edit?usp=share_link,Lesson Resource,1
scratch,unit-2,lesson-2,Slide Deck,https://docs.google.com/presentation/d/1XYs-bHj3Ql8hpilwtgawZNH_J4T8dGaQQafaNkvwUTc/edit?usp=share_link,Lesson Resource,2
scratch,unit-2,lesson-2,Student Workbook,https://docs.google.com/presentation/d/1TdHcyRITQ6dJ4Lb41sKYmFrwRSiFH73WUXwK5rNM9k4/edit?usp=share_link,Lesson Resource,3
scratch,unit-2,lesson-2,Lesson Resources,https://docs.google.com/document/d/1vD4AE7-WxfqmV65t0F93KJIms7VBMPhVMKf8oRP2eZ4/edit?usp=sharing,Lesson Resource,4
scratch,unit-2,lesson-3,Lesson Plan,https://docs.google.com/document/d/1XH-wNu26ONcr8W3pF3-0FpuYbJD0fcf1jvJMMGibhQs/edit?usp=share_link,Lesson Resource,1
scratch,unit-2,lesson-3,Slide Deck,https://docs.google.com/presentation/d/1GfzfF6AEawJxjNMxb0KdFC_YjLuJJ476PXXtnRJeMeI/edit?usp=share_link,Lesson Resource,2
scratch,unit-2,lesson-3,Student Workbook,https://docs.google.com/presentation/d/1UZzXFUfPMit5nkpkc2zatxjbKxOKb_d-JqfUvM_OzPc/edit?usp=share_link,Lesson Resource,3
scratch,unit-2,lesson-3,Lesson Resources,https://docs.google.com/document/d/1lmLgV_ZixgedrStooIA3Fam-J6MyZmhyhbZiPEk_eBQ/edit?usp=sharing,Lesson Resource,4
scratch,unit-2,lesson-4,Lesson Plan,https://docs.google.com/document/d/1hzOa4osWKm05xABk8K2t55W7CKFRuYsTXytJY_bWtpg/edit?usp=share_link,Lesson Resource,1
scratch,unit-2,lesson-4,Slide Deck,https://docs.google.com/presentation/d/1LubBkLyR_v44turFzWbbvaJHV-8K7GfEf7CpGc7MsNw/edit?usp=share_link,Lesson Resource,2
scratch,unit-2,lesson-4,Student Workbook,https://docs.google.com/presentation/d/1OrZxbz6fNTbV80WE_rARSYOSyuDNI95cqo6Pwb4pWw4/edit?usp=share_link,Lesson Resource,3
scratch,unit-2,lesson-5,Student Workbook,https://docs.google.com/presentation/d/1L-zYDil7oZ083E3I6NTDsxeSbObK_47hxydfHJJOPGU/edit?usp=sharing,Lesson Resource,1
scratch,unit-2,lesson-6,Lesson Plan,https://docs.google.com/document/d/1WE5BZIsRdOw4xxxTHm970LBTCJCWhakhT5vfrfj1BFg/edit?usp=sharing,Lesson Resource,1
scratch,unit-2,lesson-6,Slide Deck,https://docs.google.com/presentation/d/1qC260BZAWEeVoL-rNF0wkBTANkrUc3-hsQ4_5bq-Bsw/edit?usp=sharing,Lesson Resource,2
scratch,unit-2,lesson-6,Project Checklist,https://docs.google.com/presentation/d/1p0OtoOdUO-clOAIyGxIQ4Uihm57A5-tq1HMJCZdurd4/edit#slide=id.g2b361eb743e_0_0,Lesson Resource,3
scratch,unit-3,lesson-1,Lesson Plan,https://drive.google.com/file/d/1SIC0a9r4RmrZq2kKWGEfli_PYyXJnnlb/view?usp=share_link,Lesson Resource,1
scratch,unit-3,lesson-1,Slide Deck,https://docs.google.com/presentation/d/1UHwgP5Vphqc2JBKw7LandYfKMo-0Nasx87QbFvaem30/edit?usp=share_link,Lesson Resource,2
scratch,unit-3,lesson-1,Student Workbook,https://drive.google.com/file/d/1GjEv5Rw1vVl5vbpg6nuT-aiW3tOskQ4C/view?usp=share_link,Lesson Resource,3
scratch,unit-3,lesson-2,Lesson Plan,https://drive.google.com/file/d/1_uvIolTWh9kbzmKh03WfDBWiu0WGCTfX/view?usp=share_link,Lesson Resource,1
scratch,unit-3,lesson-2,Slide Deck,https://docs.google.com/presentation/d/19ZcgL5AfV_aEFPdIdfJr_-RStC4xFTTD7bt-x0yYtY0/edit?usp=share_link,Lesson Resource,2
scratch,unit-3,lesson-2,Student Workbook,https://drive.google.com/file/d/1cRAKm9t0jmpWvg1k0PRsbMpVpU_ZN8cf/view?usp=share_link,Lesson Resource,3
scratch,unit-3,lesson-3,Lesson Plan,https://drive.google.com/file/d/1yJ60ANSjEGIPltZf5pbvX_k_AfYrv04J/view?usp=share_link,Lesson Resource,1
scratch,unit-3,lesson-3,Slide Deck,https://docs.google.com/presentation/d/1wBRBShntRlKw5WrqLkRkQeCCHjAntLoh23B1TlGtdDU/edit?usp=share_link,Lesson Resource,2
scratch,unit-3,lesson-3,Student Workbook,https://drive.google.com/file/d/10ql-3gPGtnMmRrfp-Px_nwhbpm4xoCKl/view?usp=share_link,Lesson Resource,3
scratch,unit-3,lesson-3,Lesson Plan,https://drive.google.com/file/d/1_2PzMCURmwu7FqD0oj9wD-C8NpAFCnyV/view?usp=share_link,Lesson Resource,4
scratch,unit-3,lesson-3,Slide Deck,https://docs.google.com/presentation/d/1SWgy36Dnir0WqolfBvyEfO5AA3tj3vItn907aW5Yy5I/edit?usp=share_link,Lesson Resource,5
scratch,unit-3,lesson-3,Student Workbook,https://drive.google.com/file/d/1eCEJVQjni5WLLWyX1Vz-GiEaZB5Z4nly/view?usp=share_link,Lesson Resource,6
act4,unit-5b,lesson-1,Slide Deck,https://docs.google.com/presentation/d/1GwZRI1LsYfEQDKCo7UN2tc7JyKT2HN6UoinPd_m0Y9E/edit?usp=sharing,Lesson Resource,1
act4,unit-5b,lesson-2,Slide Deck,https://docs.google.com/presentation/d/1FVTI3XV5alQUmB1ZN2MJlBPuk0uXe21gkq2Wih2Bl58/edit?usp=sharing,Lesson Resource,1
ai_literacy,unit-1,lesson-1,Lesson Plan,https://docs.google.com/document/d/1iMsN_Xpaev1w9sgwHceGmHuYVGFzxZDr7KbsYK7wF6g/edit?tab=t.0,Lesson Resource,1
ai_literacy,unit-1,lesson-1,Lesson Slides,https://docs.google.com/presentation/d/1oyFcX4Itn5shHoHsESKCDQT9B2oxnomxQovK3887xAY/edit?slide=id.g3f82cceef66_2_2#slide=id.g3f82cceef66_2_2,Lesson Resource,2
ai_literacy,unit-1,lesson-2,Lesson Slides,https://docs.google.com/presentation/d/1j5vH7Zu05iwKurppEalFL7q7596rWy9oHCI6ly7PVg4/edit?usp=sharing,Lesson Resource,1
